{"timestamp": "2025-09-12T13:12:06.467878", "function_name": "craft", "function_body": "  return []", "island_id": null, "scores": {"3": 0.0}}
{"timestamp": "2025-09-12T13:12:19.578441", "function_name": "craft", "function_body": "  return []", "island_id": 9, "scores": {"3": 0.0}}
{"timestamp": "2025-09-12T13:12:21.609100", "function_name": "craft", "function_body": "  return []", "island_id": 9, "scores": {"3": 0.0}}
{"timestamp": "2025-09-12T13:12:51.034294", "function_name": "craft", "function_body": "  return []", "island_id": 8, "scores": {"3": 0.0}}
{"timestamp": "2025-09-12T13:12:53.030200", "function_name": "craft", "function_body": "  # Get the index of the item to craft\n  env_item_index = env.scenario.world.cookbook.index.index(item)\n  # Get the recipe for the item\n  recipe = env.scenario.world.cookbook.recipes.get(env_item_index)\n  if recipe is None:\n    return []  # No recipe found for the item\n\n  # Check if the recipe requires a workshop\n  workshop_required = \"_key\" in recipe\n  if workshop_required:\n    workshop_index = recipe[\"_key\"]\n    # Check if the workshop is present in the environment\n    if workshop_index not in env.scenario.world.cookbook.index.reverse_contents:\n      return []  # Workshop not found in the environment\n    workshop_name = env.scenario.world.cookbook.index.get(workshop_index)\n  else:\n    # No workshop required, check if the agent is already at the correct location\n    workshop_name = None\n\n  # Check if the agent has all the required ingredients\n  required_ingredients = {k: v for k, v in recipe.items() if k != \"_key\"}\n  required_ingredients_indices = [k for k in required_ingredients]\n  required_ingredients_counts = [v for v in required_ingredients.values()]\n  inventory = env._current_state.inventory\n  has_all_ingredients = all(\n    inventory[k] >= v for k, v in zip(required_ingredients_indices, required_ingredients_counts)\n  )\n  if not has_all_ingredients:\n    return []  # Not all ingredients are available in the inventory\n\n  # If workshop is required, move to the workshop\n  if workshop_required:\n    workshop_positions = np.argwhere(env._current_state.grid[:, :, workshop_index] > 0)\n    if len(workshop_positions) == 0:\n      return []  # Workshop not found in the grid\n    workshop_pos = workshop_positions[0]\n    # Move to the workshop position\n    actions = move_to(env, workshop_pos)\n    if not actions:\n      return []  # Could not find a path to the workshop\n  else:\n    actions = []\n\n  # Perform the USE action to craft the item\n  actions.append(crafts.CRAFT_FUNC(env_item_index))  # Use the CRAFT_FUNC to perform the action\n\n  return actions", "island_id": 8, "scores": {"3": -1}}
{"timestamp": "2025-09-12T13:12:55.894928", "function_name": "craft", "function_body": "  return []", "island_id": 9, "scores": {"3": 0.0}}
{"timestamp": "2025-09-12T13:12:57.974125", "function_name": "craft", "function_body": "  return []", "island_id": 9, "scores": {"3": 0.0}}
{"timestamp": "2025-09-12T13:13:00.833423", "function_name": "craft", "function_body": "  return []", "island_id": 3, "scores": {"3": 0.0}}
{"timestamp": "2025-09-12T13:13:02.910000", "function_name": "craft", "function_body": "  return []", "island_id": 3, "scores": {"3": 0.0}}
{"timestamp": "2025-09-12T13:13:05.951232", "function_name": "craft", "function_body": "  return []", "island_id": 5, "scores": {"3": 0.0}}
{"timestamp": "2025-09-12T13:13:08.052726", "function_name": "craft", "function_body": "  return []", "island_id": 5, "scores": {"3": 0.0}}
{"timestamp": "2025-09-12T13:13:11.278056", "function_name": "craft", "function_body": "  return []  ", "island_id": 8, "scores": {"3": 0.0}}
{"timestamp": "2025-09-12T13:13:13.269302", "function_name": "craft", "function_body": "  return []", "island_id": 8, "scores": {"3": 0.0}}
{"timestamp": "2025-09-12T13:13:39.560984", "function_name": "craft", "function_body": "", "island_id": 9, "scores": {"3": -1}}
{"timestamp": "2025-09-12T13:13:46.083316", "function_name": "craft", "function_body": "  # Get the index of the item to be crafted\n  item_index = env.scenario.world.cookbook.index.index(item)\n  # Get the recipe for the item\n  recipe = env.scenario.world.cookbook.recipes.get(item_index, {})\n  # Get the required ingredients and their counts\n  ingredients = recipe.copy()\n  # Remove the '_key' entry if present\n  if '_key' in ingredients:\n      del ingredients[env.scenario.world.cookbook.index.get(recipe[\"_key\"])]\n  # Check if the agent has all the required ingredients\n  inventory = env._current_state.inventory\n  for ingredient, count in ingredients.items():\n      if inventory[ingredient] < count:\n          return []\n  # Get the workshop index for the item\n  workshop_index = recipe[\"_key\"]\n  # Get the position of the workshop\n  grid = env._current_state.grid\n  workshop_pos = np.where(grid == workshop_index)\n  workshop_pos = (workshop_pos[0][0], workshop_pos[1][0])\n  # Move to the workshop\n  actions = move_to(env, workshop_pos)\n  # Use the workshop to craft the item\n  actions.append(craft.CRAFT_FUNC.index(\"USE\"))\n  return actions", "island_id": 9, "scores": {"3": -1}}
{"timestamp": "2025-09-12T13:14:10.161486", "function_name": "craft", "function_body": "  return []", "island_id": 6, "scores": {"3": 0.0}}
{"timestamp": "2025-09-12T13:14:12.408545", "function_name": "craft", "function_body": "  recipe = env.world.cookbook.recipes.get(item)\n  if recipe is None:\n      return []\n  ingredients = {}\n  for ingredient, count in recipe.items():\n      if ingredient == \"_key\":\n          continue\n      ingredient_name = env.world.cookbook.index.get(ingredient)\n      ingredients[ingredient_name] = count\n  workshop = recipe[\"_key\"]\n  workshop_name = env.world.cookbook.index.get(workshop)\n  actions = []\n  # Check if all ingredients are in inventory\n  for ingredient_name, count in ingredients.items():\n      if env._current_state.inventory[env.world.cookbook.index.index(ingredient_name)] < count:\n          return []\n  # Move to workshop\n  workshop_pos = None\n  for y in range(env._current_state.grid.shape[0]):\n      for x in range(env._current_state.grid.shape[1]):\n          if env._current_state.grid[y, x, env.world.cookbook.index.index(workshop_name)] > 0:\n              workshop_pos = (x, y)\n              break\n      if workshop_pos:\n          break\n  if workshop_pos is None:\n      return []\n  # Move to workshop\n  x, y = env._current_state.pos\n  wx, wy = workshop_pos\n  dx = wx - x\n  dy = wy - y\n  while dx < 0:\n      actions.append(craft.LEFT)\n      dx += 1\n  while dx > 0:\n      actions.append(craft.RIGHT)\n      dx -= 1\n  while dy < 0:\n      actions.append(craft.UP)\n      dy += 1\n  while dy > 0:\n      actions.append(craft.DOWN)\n      dy -= 1\n  # Use workshop\n  actions.append(craft.USE)\n  return actions\n  return []", "island_id": 6, "scores": {"3": 0.0}}
{"timestamp": "2025-09-12T13:14:15.311693", "function_name": "craft", "function_body": "  return []", "island_id": 2, "scores": {"3": 0.0}}
{"timestamp": "2025-09-12T13:14:17.439339", "function_name": "craft", "function_body": "  return []", "island_id": 2, "scores": {"3": 0.0}}
{"timestamp": "2025-09-12T13:14:20.925574", "function_name": "craft", "function_body": "  return []", "island_id": 0, "scores": {"3": 0.0}}
{"timestamp": "2025-09-12T13:14:23.202508", "function_name": "craft", "function_body": "  return []", "island_id": 0, "scores": {"3": 0.0}}
{"timestamp": "2025-09-12T13:14:26.591050", "function_name": "craft", "function_body": "  return []", "island_id": 8, "scores": {"3": 0.0}}
{"timestamp": "2025-09-12T13:14:28.666235", "function_name": "craft", "function_body": "  return []", "island_id": 8, "scores": {"3": 0.0}}
{"timestamp": "2025-09-12T13:14:31.849763", "function_name": "craft", "function_body": "  return []", "island_id": 8, "scores": {"3": 0.0}}
{"timestamp": "2025-09-12T13:14:34.121398", "function_name": "craft", "function_body": "  return []", "island_id": 8, "scores": {"3": 0.0}}
{"timestamp": "2025-09-12T13:14:37.202632", "function_name": "craft", "function_body": "  return []", "island_id": 2, "scores": {"3": 0.0}}
{"timestamp": "2025-09-12T13:14:39.326420", "function_name": "craft", "function_body": "  return []", "island_id": 2, "scores": {"3": 0.0}}
{"timestamp": "2025-09-12T13:14:42.535556", "function_name": "craft", "function_body": "  return []", "island_id": 9, "scores": {"3": 0.0}}
{"timestamp": "2025-09-12T13:14:44.703578", "function_name": "craft", "function_body": "  return []", "island_id": 9, "scores": {"3": 0.0}}
{"timestamp": "2025-09-12T13:15:12.818922", "function_name": "craft", "function_body": "  # Get the index of the item in the environment's cookbook\n  item_index = env.scenario.world.cookbook.index[item]\n\n  # Get the recipe for the item\n  recipe = env.scenario.world.cookbook.recipes.get(item_index)\n  if not recipe:\n      return []  # No recipe for the item\n\n  # Check if the agent has all the required ingredients\n  has_all_ingredients = True\n  for ingredient_index, count in recipe.items():\n      if ingredient_index != \"_key\":\n          if env._current_state.inventory[ingredient_index] < count:\n              has_all_ingredients = False\n              break\n\n  if not has_all_ingredients:\n      return []  # Not all ingredients are available\n\n  # Find the location of the workshop required for the item\n  workshop_index = recipe[\"_key\"]\n  workshop_name = env.scenario.world.cookbook.reverse_contents[workshop_index]\n  workshop_positions = np.argwhere(env._current_state.grid[:, :, workshop_index] > 0)\n\n  if len(workshop_positions) == 0:\n      return []  # Workshop not found\n\n  # Move to the workshop position\n  workshop_pos = workshop_positions[0]\n  actions = move_to(env, workshop_pos)\n\n  if not actions:\n      return []  # Could not reach the workshop\n\n  # Use the workshop to craft the item\n  actions.append(craft.CRAFT_FUNC)  # Assuming craft.CRAFT_FUNC is the action index for crafting\n\n  return actions", "island_id": 1, "scores": {"3": -1}}
{"timestamp": "2025-09-12T13:15:14.851959", "function_name": "craft", "function_body": "  return []", "island_id": 1, "scores": {"3": 0.0}}
{"timestamp": "2025-09-12T13:15:17.832061", "function_name": "craft", "function_body": "  return []", "island_id": 7, "scores": {"3": 0.0}}
{"timestamp": "2025-09-12T13:15:19.867139", "function_name": "craft", "function_body": "  return []", "island_id": 7, "scores": {"3": 0.0}}
{"timestamp": "2025-09-12T13:15:22.881771", "function_name": "craft", "function_body": "  return []", "island_id": 2, "scores": {"3": 0.0}}
{"timestamp": "2025-09-12T13:15:25.065600", "function_name": "craft", "function_body": "  return []", "island_id": 2, "scores": {"3": 0.0}}
{"timestamp": "2025-09-12T13:16:03.701307", "function_name": "craft", "function_body": "  return []", "island_id": 0, "scores": {"3": 0.0}}
{"timestamp": "2025-09-12T13:16:05.604185", "function_name": "craft", "function_body": "  # Get the index of the item in the environment's cookbook index\n  item_index = env.scenario.world.cookbook.index.index(item)\n\n  # Check if the item has a recipe\n  if item_index not in env.scenario.world.cookbook.recipes:\n      return []\n\n  # Get the required primitives for the item\n  required_primitives = env.scenario.world.cookbook.recipes[item_index]\n\n  # Check if we have all the required primitives\n  for primitive_index, count in required_primitives.items():\n      if env._current_state.inventory[primitive_index] < count:\n          return []\n\n  # Find the workshop for the item\n  workshop_index = env.scenario.world.cookbook.recipes[item_index].get(\"_key\", None)\n  if workshop_index is None:\n      return []\n\n  # Find the workshop in the grid\n  workshop_pos = None\n  for x in range(env._current_state.grid.shape[0]):\n      for y in range(env._current_state.grid.shape[1]):\n          if env._current_state.grid[x, y, workshop_index] > 0:\n              workshop_pos = (x, y)\n              break\n      if workshop_pos:\n          break\n\n  if workshop_pos is None:\n      return []\n\n  # Calculate the direction to the workshop\n  x_diff = workshop_pos[0] - env._current_state.pos[0]\n  y_diff = workshop_pos[1] - env._current_state.pos[1]\n\n  if x_diff > 0:\n      direction = 1  # DOWN\n  elif x_diff < 0:\n      direction = 0  # UP\n  elif y_diff > 0:\n      direction = 3  # RIGHT\n  else:\n      direction = 2  # LEFT\n\n  # Move to the workshop\n  actions = []\n  while env._current_state.pos != workshop_pos:\n      actions.append(direction)\n      reward, done, _ = env.step(direction)\n      if done:\n          return actions\n\n  # Use the workshop to craft the item\n  actions.append(4)  # USE\n  return actions", "island_id": 0, "scores": {"3": -1}}
{"timestamp": "2025-09-12T13:16:08.457607", "function_name": "craft", "function_body": "  return []", "island_id": 6, "scores": {"3": 0.0}}
{"timestamp": "2025-09-12T13:16:10.467134", "function_name": "craft", "function_body": "  return []", "island_id": 6, "scores": {"3": 0.0}}
{"timestamp": "2025-09-12T13:16:39.157884", "function_name": "craft", "function_body": "  # Check if the item is a valid index in the cookbook\n  if item not in env._current_state.world.cookbook.index.reverse_contents:\n    return []\n\n  # Get the index of the item\n  item_index = env._current_state.world.cookbook.index.index(item)\n\n  # Check if the item is a primitive\n  if item_index in env._current_state.world.cookbook.primitives:\n    return []\n\n  # Get the recipe for the item\n  recipe = env._current_state.world.cookbook.recipes.get(item_index, None)\n  if recipe is None:\n    return []\n\n  # Check if all ingredients are in inventory\n  for ingredient_index, count in recipe.items():\n    if ingredient_index != \"_key\":\n      if env._current_state.inventory[ingredient_index] < count:\n        return []\n\n  # Find the workshop where the item can be crafted\n  workshop_index = recipe.get(\"_key\", None)\n  if workshop_index is None:\n    return []\n\n  # Find the workshop in the grid\n  grid = env._current_state.grid\n  workshop_positions = np.argwhere(grid[:, :, workshop_index] > 0)\n\n  if len(workshop_positions) == 0:\n    return []\n\n  # Move to the workshop\n  workshop_pos = workshop_positions[0]\n  move_actions = move_to(env, workshop_pos)\n\n  if not move_actions:\n    return []\n\n  # Use the workshop to craft the item\n  move_actions.append(craft.CraftLab.action_specs()[\"USE\"])\n\n  return move_actions", "island_id": 9, "scores": {"3": 0.0}}
{"timestamp": "2025-09-12T13:16:41.439151", "function_name": "craft", "function_body": "  return []", "island_id": 9, "scores": {"3": 0.0}}
{"timestamp": "2025-09-12T13:16:44.948153", "function_name": "craft", "function_body": "  return []", "island_id": 9, "scores": {"3": 0.0}}
{"timestamp": "2025-09-12T13:16:47.205256", "function_name": "craft", "function_body": "  return []", "island_id": 9, "scores": {"3": 0.0}}
{"timestamp": "2025-09-12T13:16:50.593399", "function_name": "craft", "function_body": "  return []", "island_id": 4, "scores": {"3": 0.0}}
{"timestamp": "2025-09-12T13:16:52.768925", "function_name": "craft", "function_body": "  return []", "island_id": 4, "scores": {"3": 0.0}}
{"timestamp": "2025-09-12T13:16:56.362032", "function_name": "craft", "function_body": "  return []", "island_id": 7, "scores": {"3": 0.0}}
{"timestamp": "2025-09-12T13:16:58.916118", "function_name": "craft", "function_body": "  return []", "island_id": 7, "scores": {"3": 0.0}}
{"timestamp": "2025-09-12T13:17:02.481685", "function_name": "craft", "function_body": "  return []", "island_id": 9, "scores": {"3": 0.0}}
{"timestamp": "2025-09-12T13:17:04.743962", "function_name": "craft", "function_body": "  return []", "island_id": 9, "scores": {"3": 0.0}}
{"timestamp": "2025-09-12T13:17:46.486950", "function_name": "craft", "function_body": "  return []", "island_id": 2, "scores": {"3": 0.0}}
{"timestamp": "2025-09-12T13:17:48.412526", "function_name": "craft", "function_body": "  # Get the index of the item to craft in the environment's index map.\n  item_idx = env.scenario.world.cookbook.index[item]\n\n  # Check if the environment's cookbook has a recipe for the item.\n  if item_idx not in env.scenario.world.cookbook.recipes:\n    return []\n\n  # Retrieve the recipe for the item.\n  recipe = env.scenario.world.cookbook.recipes[item_idx]\n\n  # Check if all the required items for the recipe are present in the agent's inventory.\n  inventory = env._current_state.inventory\n  for ingredient, count in recipe.items():\n    if ingredient != \"_key\":  # Skip the \"_key\" entry in the recipe.\n      if inventory[ingredient] < count:\n        return []\n\n  # Get the position of the workshop where the item can be crafted.\n  workshop_idx = recipe[\"_key\"]\n  workshop_name = env.scenario.world.cookbook.reverse_contents[workshop_idx]\n\n  # Find the workshop in the grid.\n  workshop_pos = None\n  for x in range(env._current_state.grid.shape[0]):\n    for y in range(env._current_state.grid.shape[1]):\n      if env._current_state.grid[x, y, workshop_idx] > 0:\n        workshop_pos = (x, y)\n        break\n    if workshop_pos:\n      break\n\n  if workshop_pos is None:\n    return []\n\n  # Move the agent to the workshop.\n  actions = []\n  pos = env._current_state.pos\n  dir = env._current_state.dir\n  dx, dy = workshop_pos[0] - pos[0], workshop_pos[1] - pos[1]\n  if dx > 0:\n    actions.append(craft.RIGHT)\n    dir = (dir + 1) % 4\n  elif dx < 0:\n    actions.append(craft.LEFT)\n    dir = (dir - 1) % 4\n  if dy > 0:\n    actions.append(craft.DOWN)\n    dir = (dir + 1) % 4\n  elif dy < 0:\n    actions.append(craft.UP)\n    dir = (dir - 1) % 4\n\n  # Use the workshop to craft the item.\n  actions.append(craft.USE)\n\n  return actions", "island_id": 2, "scores": {"3": -1}}
{"timestamp": "2025-09-12T13:17:51.614369", "function_name": "craft", "function_body": "  return [] ", "island_id": 4, "scores": {"3": 0.0}}
{"timestamp": "2025-09-12T13:17:53.609000", "function_name": "craft", "function_body": "  return []", "island_id": 4, "scores": {"3": 0.0}}
{"timestamp": "2025-09-12T13:17:57.110408", "function_name": "craft", "function_body": "  return []", "island_id": 7, "scores": {"3": 0.0}}
{"timestamp": "2025-09-12T13:17:59.082505", "function_name": "craft", "function_body": "  return []", "island_id": 7, "scores": {"3": 0.0}}
{"timestamp": "2025-09-12T13:18:01.968436", "function_name": "craft", "function_body": "  return []", "island_id": 0, "scores": {"3": 0.0}}
{"timestamp": "2025-09-12T13:18:03.936825", "function_name": "craft", "function_body": "  return []", "island_id": 0, "scores": {"3": 0.0}}
{"timestamp": "2025-09-12T13:18:33.329934", "function_name": "craft", "function_body": "  # Get the item index\n  item_idx = env.world.cookbook.index.index(item)\n\n  # Check if the item is a primitive\n  if item_idx in env.world.cookbook.primitives:\n    return collect(env, item)\n\n  # Check if the item can be crafted\n  if item_idx not in env.world.cookbook.recipes:\n    return []\n\n  # Get the recipe\n  recipe = env.world.cookbook.recipes[item_idx]\n\n  # Check if the recipe has the \"_key\" field (the workshop where the item can be crafted)\n  if \"_key\" not in recipe:\n    return []\n\n  workshop_idx = recipe[\"_key\"]\n\n  # Check if the workshop is present in the environment\n  workshop_pos = None\n  for x in range(env._current_state.grid.shape[0]):\n    for y in range(env._current_state.grid.shape[1]):\n      if env._current_state.grid[x, y, workshop_idx] > 0:\n        workshop_pos = (x, y)\n        break\n    if workshop_pos:\n      break\n\n  if not workshop_pos:\n    return []\n\n  # Move to the workshop\n  move_actions = move_to(env, workshop_pos)\n  if not move_actions:\n    return []\n\n  # Check if all the ingredients are present in the inventory\n  for ingredient_idx, count in recipe.items():\n    if ingredient_idx == \"_key\":\n      continue\n    if env._current_state.inventory[ingredient_idx] < count:\n      return []\n\n  # Craft the item\n  move_actions.append(crafting.ACTION_USE)\n  return move_actions", "island_id": 9, "scores": {"3": 0.0}}
{"timestamp": "2025-09-12T13:18:35.263881", "function_name": "craft", "function_body": "  return []", "island_id": 9, "scores": {"3": 0.0}}
{"timestamp": "2025-09-12T13:18:38.162139", "function_name": "craft", "function_body": "  return []", "island_id": 9, "scores": {"3": 0.0}}
{"timestamp": "2025-09-12T13:18:40.155563", "function_name": "craft", "function_body": "  return []", "island_id": 9, "scores": {"3": 0.0}}
{"timestamp": "2025-09-12T13:18:43.075294", "function_name": "craft", "function_body": "  return []", "island_id": 6, "scores": {"3": 0.0}}
{"timestamp": "2025-09-12T13:18:45.184543", "function_name": "craft", "function_body": "  return []", "island_id": 6, "scores": {"3": 0.0}}
{"timestamp": "2025-09-12T13:18:48.051905", "function_name": "craft", "function_body": "  return []", "island_id": 4, "scores": {"3": 0.0}}
{"timestamp": "2025-09-12T13:18:50.046467", "function_name": "craft", "function_body": "  return []", "island_id": 4, "scores": {"3": 0.0}}
{"timestamp": "2025-09-12T13:18:52.855796", "function_name": "craft", "function_body": "  return []", "island_id": 5, "scores": {"3": 0.0}}
{"timestamp": "2025-09-12T13:18:54.826621", "function_name": "craft", "function_body": "  return []", "island_id": 5, "scores": {"3": 0.0}}
{"timestamp": "2025-09-12T13:18:58.124072", "function_name": "craft", "function_body": "  return [] ", "island_id": 4, "scores": {"3": 0.0}}
{"timestamp": "2025-09-12T13:19:00.418097", "function_name": "craft", "function_body": "  return [] ", "island_id": 4, "scores": {"3": 0.0}}
{"timestamp": "2025-09-12T13:19:03.450141", "function_name": "craft", "function_body": "  return []", "island_id": 9, "scores": {"3": 0.0}}
{"timestamp": "2025-09-12T13:19:05.438389", "function_name": "craft", "function_body": "  return []", "island_id": 9, "scores": {"3": 0.0}}
{"timestamp": "2025-09-12T13:19:08.522081", "function_name": "craft", "function_body": "  return []", "island_id": 0, "scores": {"3": 0.0}}
{"timestamp": "2025-09-12T13:19:10.497808", "function_name": "craft", "function_body": "  return []", "island_id": 0, "scores": {"3": 0.0}}
{"timestamp": "2025-09-12T13:19:13.407030", "function_name": "craft", "function_body": "  return []", "island_id": 9, "scores": {"3": 0.0}}
{"timestamp": "2025-09-12T13:19:15.373603", "function_name": "craft", "function_body": "  return []", "island_id": 9, "scores": {"3": 0.0}}
{"timestamp": "2025-09-12T13:19:19.143531", "function_name": "craft", "function_body": "  return []", "island_id": 5, "scores": {"3": 0.0}}
{"timestamp": "2025-09-12T13:19:22.646968", "function_name": "craft", "function_body": "  return []", "island_id": 5, "scores": {"3": 0.0}}
{"timestamp": "2025-09-12T13:19:26.457614", "function_name": "craft", "function_body": "  return []", "island_id": 9, "scores": {"3": 0.0}}
{"timestamp": "2025-09-12T13:19:28.743582", "function_name": "craft", "function_body": "  return []", "island_id": 9, "scores": {"3": 0.0}}
{"timestamp": "2025-09-12T13:19:31.733355", "function_name": "craft", "function_body": "  return []", "island_id": 5, "scores": {"3": 0.0}}
{"timestamp": "2025-09-12T13:19:33.787145", "function_name": "craft", "function_body": "  return []", "island_id": 5, "scores": {"3": 0.0}}
{"timestamp": "2025-09-12T13:20:20.155515", "function_name": "craft", "function_body": "  return []", "island_id": 0, "scores": {"3": 0.0}}
{"timestamp": "2025-09-12T13:20:22.143689", "function_name": "craft", "function_body": "  def get_recipe_info(item_name):\n    recipe = env.world.cookbook.recipes.get(item_index)\n    if not recipe:\n      return None\n    required_items = {}\n    for key, value in recipe.items():\n      if key == '_key':\n        continue\n      item_idx = key\n      count = value\n      required_items[env.world.cookbook.index.get(env.world.cookbook.index.reverse_contents.get(item_idx))] = count\n    return required_items\n\n  def check_inventory(required_items):\n    for item_name, required_count in required_items.items():\n      current_count = env._current_state.inventory[env.world.cookbook.index.get(item_name)]\n      if current_count < required_count:\n        return False\n    return True\n\n  def collect_missing_items(required_items):\n    for item_name, required_count in required_items.items():\n      current_count = env._current_state.inventory[env.world.cookbook.index.get(item_name)]\n      if current_count < required_count:\n        return [COLLECT_FUNC, item_name]\n    return []\n\n  def move_to_workshop():\n    workshop_name = recipe.get('_key', None)\n    if not workshop_name:\n      return []\n    workshop_index = env.world.cookbook.index.get(workshop_name)\n    # Find position of the workshop\n    grid = env._current_state.grid\n    pos = np.where(grid[:, :, workshop_index] > 0)\n    if len(pos[0]) == 0:\n      return []\n    workshop_pos = (pos[0][0], pos[1][0])\n    # Move to the workshop\n    return navigate_to_position(workshop_pos)\n\n  def navigate_to_position(target_pos):\n    current_pos = env._current_state.pos\n    # Determine direction to move\n    dx = target_pos[0] - current_pos[0]\n    dy = target_pos[1] - current_pos[1]\n    if dx > 0:\n      return [DOWN] * dx\n    elif dx < 0:\n      return [UP] * (-dx)\n    elif dy > 0:\n      return [RIGHT] * dy\n    elif dy < 0:\n      return [LEFT] * (-dy)\n    return []\n\n  def use_workshop():\n    return [USE]\n\n  # Main logic\n  item_index = env.world.cookbook.index.get(item)\n  if item_index is None:\n    return []\n\n  recipe = get_recipe_info(item)\n  if not recipe:\n    return []\n\n  if not check_inventory(recipe):\n    return collect_missing_items(recipe)\n\n  workshop_actions = move_to_workshop()\n  if not workshop_actions:\n    return []\n\n  return workshop_actions + use_workshop()\n\n  return []", "island_id": 0, "scores": {"3": -1}}
{"timestamp": "2025-09-12T13:20:25.547882", "function_name": "craft", "function_body": "  return []", "island_id": 5, "scores": {"3": 0.0}}
{"timestamp": "2025-09-12T13:20:27.603866", "function_name": "craft", "function_body": "  return []", "island_id": 5, "scores": {"3": 0.0}}
{"timestamp": "2025-09-12T13:20:31.343673", "function_name": "craft", "function_body": "  return []  # Placeholder; replace with actual logic", "island_id": 4, "scores": {"3": 0.0}}
{"timestamp": "2025-09-12T13:20:33.438177", "function_name": "craft", "function_body": "  return []", "island_id": 4, "scores": {"3": 0.0}}
{"timestamp": "2025-09-12T13:20:36.415552", "function_name": "craft", "function_body": "  return []", "island_id": 7, "scores": {"3": 0.0}}
{"timestamp": "2025-09-12T13:20:38.483545", "function_name": "craft", "function_body": "  return []", "island_id": 7, "scores": {"3": 0.0}}
{"timestamp": "2025-09-12T13:20:41.526907", "function_name": "craft", "function_body": "  return []  ", "island_id": 9, "scores": {"3": 0.0}}
{"timestamp": "2025-09-12T13:20:43.523634", "function_name": "craft", "function_body": "  return []", "island_id": 9, "scores": {"3": 0.0}}
{"timestamp": "2025-09-12T13:20:46.476269", "function_name": "craft", "function_body": "  return []", "island_id": 0, "scores": {"3": 0.0}}
{"timestamp": "2025-09-12T13:20:48.471627", "function_name": "craft", "function_body": "  return []", "island_id": 0, "scores": {"3": 0.0}}
{"timestamp": "2025-09-12T13:20:51.563045", "function_name": "craft", "function_body": "  return []", "island_id": 6, "scores": {"3": 0.0}}
{"timestamp": "2025-09-12T13:20:53.600074", "function_name": "craft", "function_body": "  return []", "island_id": 6, "scores": {"3": 0.0}}
{"timestamp": "2025-09-12T13:20:56.517266", "function_name": "craft", "function_body": "  return []", "island_id": 9, "scores": {"3": 0.0}}
{"timestamp": "2025-09-12T13:20:58.659136", "function_name": "craft", "function_body": "  return []", "island_id": 9, "scores": {"3": 0.0}}
{"timestamp": "2025-09-12T13:21:01.752890", "function_name": "craft", "function_body": "  return []", "island_id": 8, "scores": {"3": 0.0}}
{"timestamp": "2025-09-12T13:21:03.751168", "function_name": "craft", "function_body": "  return []", "island_id": 8, "scores": {"3": 0.0}}
{"timestamp": "2025-09-12T13:21:41.803472", "function_name": "craft", "function_body": "  return []", "island_id": 2, "scores": {"3": 0.0}}
{"timestamp": "2025-09-12T13:21:43.803394", "function_name": "craft", "function_body": "  def get_recipe_requirements(recipe):\n    # Get the recipe requirements for the item to be crafted\n    required_items = {}\n    for ingredient, count in recipe.items():\n      if ingredient != '_key':\n        required_items[ingredient] = count\n    return required_items\n\n  def check_inventory(required_items):\n    # Check if the required items are present in the inventory\n    for ingredient, count in required_items.items():\n      if env._current_state.inventory[ingredient] < count:\n        return False\n    return True\n\n  def move_to_workshop(workshop_index):\n    # Move to the workshop location\n    workshop_pos = None\n    for i in range(env._current_state.grid.shape[0]):\n      for j in range(env._current_state.grid.shape[1]):\n        if env._current_state.grid[i][j][workshop_index] > 0:\n          workshop_pos = (i, j)\n          break\n      if workshop_pos:\n        break\n\n    if workshop_pos is None:\n      return []\n\n    current_pos = env._current_state.pos\n    actions = []\n    # Move to the workshop\n    if current_pos[0] < workshop_pos[0]:\n      actions.append(craft.UP)\n    elif current_pos[0] > workshop_pos[0]:\n      actions.append(craft.DOWN)\n    elif current_pos[1] < workshop_pos[1]:\n      actions.append(craft.RIGHT)\n    elif current_pos[1] > workshop_pos[1]:\n      actions.append(craft.LEFT)\n    return actions\n\n  # Get the index of the item to be crafted\n  item_index = env.world.cookbook.index.index(item)\n  recipe = env.world.cookbook.recipes.get(item_index)\n  if recipe is None:\n    return []\n\n  required_items = get_recipe_requirements(recipe)\n  if not check_inventory(required_items):\n    return []\n\n  # Find the workshop for the item\n  workshop_index = recipe.get('_key')\n  if workshop_index is None:\n    return []\n\n  # Move to the workshop and use it\n  actions = move_to_workshop(workshop_index)\n  actions.append(craft.USE)\n  return actions", "island_id": 2, "scores": {"3": -1}}
{"timestamp": "2025-09-12T13:21:47.151493", "function_name": "craft", "function_body": "  return []", "island_id": 8, "scores": {"3": 0.0}}
{"timestamp": "2025-09-12T13:21:49.169615", "function_name": "craft", "function_body": "  return []", "island_id": 8, "scores": {"3": 0.0}}
{"timestamp": "2025-09-12T13:21:52.136436", "function_name": "craft", "function_body": "  return []", "island_id": 1, "scores": {"3": 0.0}}
{"timestamp": "2025-09-12T13:21:54.639011", "function_name": "craft", "function_body": "  return []", "island_id": 1, "scores": {"3": 0.0}}
{"timestamp": "2025-09-12T13:21:57.579456", "function_name": "craft", "function_body": "  return []", "island_id": 0, "scores": {"3": 0.0}}
{"timestamp": "2025-09-12T13:21:59.773874", "function_name": "craft", "function_body": "  return []", "island_id": 0, "scores": {"3": 0.0}}
{"timestamp": "2025-09-12T13:22:02.875708", "function_name": "craft", "function_body": "  return []", "island_id": 8, "scores": {"3": 0.0}}
{"timestamp": "2025-09-12T13:22:04.860289", "function_name": "craft", "function_body": "  return []", "island_id": 8, "scores": {"3": 0.0}}
{"timestamp": "2025-09-12T13:22:07.831052", "function_name": "craft", "function_body": "  return []", "island_id": 0, "scores": {"3": 0.0}}
{"timestamp": "2025-09-12T13:22:09.893959", "function_name": "craft", "function_body": "  return []", "island_id": 0, "scores": {"3": 0.0}}
{"timestamp": "2025-09-12T13:22:13.705657", "function_name": "craft", "function_body": "  return []", "island_id": 0, "scores": {"3": 0.0}}
{"timestamp": "2025-09-12T13:22:15.742294", "function_name": "craft", "function_body": "  return []", "island_id": 0, "scores": {"3": 0.0}}
{"timestamp": "2025-09-12T13:22:19.056789", "function_name": "craft", "function_body": "  return []", "island_id": 3, "scores": {"3": 0.0}}
{"timestamp": "2025-09-12T13:22:21.295455", "function_name": "craft", "function_body": "  return []", "island_id": 3, "scores": {"3": 0.0}}
{"timestamp": "2025-09-12T13:22:24.433135", "function_name": "craft", "function_body": "  return []", "island_id": 0, "scores": {"3": 0.0}}
{"timestamp": "2025-09-12T13:22:26.509169", "function_name": "craft", "function_body": "  return []", "island_id": 0, "scores": {"3": 0.0}}
{"timestamp": "2025-09-12T13:22:29.361860", "function_name": "craft", "function_body": "  return []", "island_id": 1, "scores": {"3": 0.0}}
{"timestamp": "2025-09-12T13:22:31.342321", "function_name": "craft", "function_body": "  return []", "island_id": 1, "scores": {"3": 0.0}}
{"timestamp": "2025-09-12T13:22:54.102118", "function_name": "craft", "function_body": "  return []", "island_id": 2, "scores": {"3": 0.0}}
{"timestamp": "2025-09-12T13:22:55.992041", "function_name": "craft", "function_body": "  # Get the index of the item in the environment's cookbook index\n  index = env.scenario.world.cookbook.index\n  item_idx = index.index(item)\n  if item_idx == 0:\n    return []\n  # Get the recipe for the item\n  recipes = env.scenario.world.cookbook.recipes\n  if item_idx not in recipes:\n    return []\n  recipe = recipes[item_idx]\n\n  # Check if we have all the required ingredients\n  required_ingredients = recipe\n  inventory = env._current_state.inventory\n  for ingredient, count in required_ingredients.items():\n    if inventory[ingredient] < count:\n      return []\n\n  # If we have all the required ingredients, go to the workshop and use it\n  workshop_idx = recipe[\"_key\"]\n  workshop_name = index.get(workshop_idx)\n  workshop_pos = np.where(env._current_state.grid[:, :, workshop_idx] > 0)\n  if len(workshop_pos[0]) == 0:\n    return []\n  workshop_pos = (workshop_pos[0][0], workshop_pos[1][0])\n  actions = go_to(env, workshop_pos)\n  actions.append(env.action_specs()[craft.ACTION_USE])\n  return actions", "island_id": 2, "scores": {"3": -1}}
{"timestamp": "2025-09-12T13:23:51.894952", "function_name": "craft", "function_body": "  # Get the index of the item in the environment's cookbook index\n  index = env.scenario.world.cookbook.index\n  item_idx = index.index(item)\n\n  # Check if the item has a recipe in the cookbook\n  cookbook = env.scenario.world.cookbook\n  if item_idx not in cookbook.recipes:\n    return []\n\n  # Get the required ingredients for the item\n  recipe = cookbook.recipes[item_idx]\n  ingredients = {k: v for k, v in recipe.items() if k != \"_key\"}\n\n  # Check if we have all the required ingredients in the inventory\n  inventory = env._current_state.inventory\n  for ing_idx, count in ingredients.items():\n    if inventory[ing_idx] < count:\n      return []\n\n  # Find the workshop index for the item's recipe\n  workshop_idx = recipe.get(\"_key\")\n  if workshop_idx is None:\n    return []\n\n  # Find the position of the workshop in the grid\n  grid = env._current_state.grid\n  pos = env._current_state.pos\n  workshop_pos = None\n  for x in range(grid.shape[0]):\n    for y in range(grid.shape[1]):\n      if grid[x, y, workshop_idx] > 0:\n        workshop_pos = (x, y)\n        break\n    if workshop_pos is not None:\n      break\n\n  if workshop_pos is None:\n    return []\n\n  # Move to the workshop position\n  actions = []\n  dx, dy = workshop_pos[0] - pos[0], workshop_pos[1] - pos[1]\n  if dx > 0:\n    actions.extend([env.action_specs()['DOWN']] * dx)\n  elif dx < 0:\n    actions.extend([env.action_specs()['UP']] * (-dx))\n  if dy > 0:\n    actions.extend([env.action_specs()['RIGHT']] * dy)\n  elif dy < 0:\n    actions.extend([env.action_specs()['LEFT']] * (-dy))\n\n  # Use the workshop to craft the item\n  actions.append(env.action_specs()['USE'])\n\n  return actions", "island_id": 1, "scores": {"3": -1}}
{"timestamp": "2025-09-12T13:23:53.887676", "function_name": "craft", "function_body": "  # Get the index of the item to be crafted.\n  item_index = env.world.cookbook.index.index(item)\n  # Get the recipe for the item.\n  recipe = env.world.cookbook.recipes.get(item_index)\n  # If the item is a primitive, return an empty list of actions.\n  if item_index in env.world.cookbook.primitives:\n    return []\n  # Get the required ingredients for the item.\n  ingredients = recipe\n  # Check if all the required ingredients are present in the inventory.\n  inventory = env._current_state.inventory\n  for ingredient in ingredients:\n    if inventory[ingredient] < ingredients[ingredient]:\n      return []\n  # Get the workshop where the item can be crafted.\n  workshop = ingredients[\"_key\"]\n  # Move to the workshop.\n  actions = move_to(env, workshop)\n  if not actions:\n    return []\n  # Use the workshop to craft the item.\n  actions.append(env.action_specs()[env.action_specs().keys()[-1]])\n  return actions", "island_id": 1, "scores": {"3": -1}}
{"timestamp": "2025-09-12T13:24:18.622844", "function_name": "craft", "function_body": "  return []", "island_id": 2, "scores": {"3": 0.0}}
{"timestamp": "2025-09-12T13:24:20.696500", "function_name": "craft", "function_body": "  # Get the index of the item in the cookbook\n  index = env.scenario.world.cookbook.index\n  item_index = index.index(item)\n\n  # Get the recipe for the item\n  cookbook = env.scenario.world.cookbook\n  recipe = cookbook.recipes.get(item_index, {})\n\n  # Check if the item is a primitive\n  if item_index in cookbook.primitives:\n      return []\n\n  # Check if all required ingredients are in the inventory\n  inventory = env._current_state.inventory\n  has_all_ingredients = all(inventory[ingredient] >= count for ingredient, count in recipe.items())\n\n  if not has_all_ingredients:\n      return []\n\n  # Find the workshop for the recipe\n  workshop_name = next((key for key in recipe if key.startswith('_key')), None)\n  if workshop_name is None:\n      return []\n\n  workshop_index = index.index(workshop_name)\n\n  # Check if the agent is next to the workshop\n  state = env._current_state\n  if state.next_to(workshop_index):\n      # Perform the USE action\n      return [env.action_specs()[workshop_name]]\n  else:\n      # Need to move to the workshop (implementation omitted for brevity)\n      return []", "island_id": 2, "scores": {"3": -1}}
{"timestamp": "2025-09-12T13:24:23.672715", "function_name": "craft", "function_body": "  return []", "island_id": 0, "scores": {"3": 0.0}}
{"timestamp": "2025-09-12T13:24:25.666857", "function_name": "craft", "function_body": "  return []", "island_id": 0, "scores": {"3": 0.0}}
{"timestamp": "2025-09-12T13:24:29.494301", "function_name": "craft", "function_body": "  return []", "island_id": 1, "scores": {"3": 0.0}}
{"timestamp": "2025-09-12T13:24:31.627879", "function_name": "craft", "function_body": "  return []", "island_id": 1, "scores": {"3": 0.0}}
{"timestamp": "2025-09-12T13:24:34.716677", "function_name": "craft", "function_body": "  return []", "island_id": 8, "scores": {"3": 0.0}}
{"timestamp": "2025-09-12T13:24:36.784109", "function_name": "craft", "function_body": "  return []", "island_id": 8, "scores": {"3": 0.0}}
{"timestamp": "2025-09-12T13:24:40.993430", "function_name": "craft", "function_body": "  return [] # Placeholder", "island_id": 5, "scores": {"3": 0.0}}
{"timestamp": "2025-09-12T13:24:43.414608", "function_name": "craft", "function_body": "  return []", "island_id": 5, "scores": {"3": 0.0}}
{"timestamp": "2025-09-12T13:24:46.499281", "function_name": "craft", "function_body": "  return []", "island_id": 5, "scores": {"3": 0.0}}
{"timestamp": "2025-09-12T13:24:48.639412", "function_name": "craft", "function_body": "  return []", "island_id": 5, "scores": {"3": 0.0}}
{"timestamp": "2025-09-12T13:24:51.772381", "function_name": "craft", "function_body": "  return []", "island_id": 7, "scores": {"3": 0.0}}
{"timestamp": "2025-09-12T13:24:54.048478", "function_name": "craft", "function_body": "  return []", "island_id": 7, "scores": {"3": 0.0}}
{"timestamp": "2025-09-12T13:24:57.804171", "function_name": "craft", "function_body": "  # TODO: Implement this function.\n  return []", "island_id": 3, "scores": {"3": 0.0}}
{"timestamp": "2025-09-12T13:24:59.889451", "function_name": "craft", "function_body": "  return []", "island_id": 3, "scores": {"3": 0.0}}
{"timestamp": "2025-09-12T13:25:03.024050", "function_name": "craft", "function_body": "  return []", "island_id": 0, "scores": {"3": 0.0}}
{"timestamp": "2025-09-12T13:25:05.104395", "function_name": "craft", "function_body": "  return []", "island_id": 0, "scores": {"3": 0.0}}
{"timestamp": "2025-09-12T13:25:08.733274", "function_name": "craft", "function_body": "  return []", "island_id": 3, "scores": {"3": 0.0}}
{"timestamp": "2025-09-12T13:25:10.781334", "function_name": "craft", "function_body": "  # TODO: Complete the function body.\n\n  return []", "island_id": 3, "scores": {"3": 0.0}}
{"timestamp": "2025-09-12T13:25:14.110292", "function_name": "craft", "function_body": "  return []", "island_id": 4, "scores": {"3": 0.0}}
{"timestamp": "2025-09-12T13:25:16.300377", "function_name": "craft", "function_body": "  return []", "island_id": 4, "scores": {"3": 0.0}}
{"timestamp": "2025-09-12T13:25:19.767711", "function_name": "craft", "function_body": "  return []", "island_id": 7, "scores": {"3": 0.0}}
{"timestamp": "2025-09-12T13:25:21.956999", "function_name": "craft", "function_body": "  return []", "island_id": 7, "scores": {"3": 0.0}}
{"timestamp": "2025-09-12T13:25:25.406445", "function_name": "craft", "function_body": "  return [] ", "island_id": 1, "scores": {"3": 0.0}}
{"timestamp": "2025-09-12T13:25:27.589065", "function_name": "craft", "function_body": "  return []", "island_id": 1, "scores": {"3": 0.0}}
{"timestamp": "2025-09-12T13:26:03.578770", "function_name": "craft", "function_body": "  # Get the index of the item to craft\n  item_index = env.scenario.world.cookbook.index.index(item)\n  # Get the recipe for the item\n  recipe = env.scenario.world.cookbook.recipes.get(item_index, {})\n  # Check if we have all the required ingredients\n  required_ingredients = {k: v for k, v in recipe.items() if k != \"_key\"}\n  for ingredient, count in required_ingredients.items():\n    if env._current_state.inventory[ingredient] < count:\n      return []  # Not enough ingredients\n  # Get the workshop where the item is crafted\n  workshop = recipe.get(\"_key\")\n  # Find the position of the workshop\n  grid = env._current_state.grid\n  positions = np.argwhere(grid[..., workshop] > 0)\n  if len(positions) == 0:\n    return []  # Workshop not found\n  # Move to the workshop\n  workshop_pos = positions[0]\n  # Move to the workshop\n  # Get the direction to the workshop\n  # Calculate the direction from the agent's current position to the workshop\n  agent_pos = env._current_state.pos\n  dx = workshop_pos[0] - agent_pos[0]\n  dy = workshop_pos[1] - agent_pos[1]\n  # Determine the direction to move\n  if dx > 0:\n    dir = craft.DOWN\n  elif dx < 0:\n    dir = craft.UP\n  elif dy > 0:\n    dir = craft.RIGHT\n  elif dy < 0:\n    dir = craft.LEFT\n  else:\n    # Already at the workshop\n    dir = None\n  # Move to the workshop\n  if dir is not None:\n    actions = [dir] * abs(dx + dy)\n  else:\n    actions = []\n  # Use the workshop to craft the item\n  actions.append(craft.USE)\n  return actions", "island_id": 4, "scores": {"3": -1}}
{"timestamp": "2025-09-12T13:26:05.725678", "function_name": "craft", "function_body": "  return [] ", "island_id": 4, "scores": {"3": 0.0}}
{"timestamp": "2025-09-12T13:26:08.687915", "function_name": "craft", "function_body": "  return []", "island_id": 5, "scores": {"3": 0.0}}
{"timestamp": "2025-09-12T13:26:10.695067", "function_name": "craft", "function_body": "  return []", "island_id": 5, "scores": {"3": 0.0}}
{"timestamp": "2025-09-12T13:26:13.706361", "function_name": "craft", "function_body": "  return []", "island_id": 5, "scores": {"3": 0.0}}
{"timestamp": "2025-09-12T13:26:15.940623", "function_name": "craft", "function_body": "  return []", "island_id": 5, "scores": {"3": 0.0}}
{"timestamp": "2025-09-12T13:26:19.216620", "function_name": "craft", "function_body": "  return []", "island_id": 3, "scores": {"3": 0.0}}
{"timestamp": "2025-09-12T13:26:21.352051", "function_name": "craft", "function_body": "  return []", "island_id": 3, "scores": {"3": 0.0}}
{"timestamp": "2025-09-12T13:26:34.847885", "function_name": "craft", "function_body": "  return []", "island_id": 5, "scores": {"3": 0.0}}
{"timestamp": "2025-09-12T13:26:36.734202", "function_name": "craft", "function_body": "", "island_id": 5, "scores": {"3": -1}}
{"timestamp": "2025-09-12T13:31:44.247242", "function_name": "craft", "function_body": "", "island_id": 8, "scores": {"3": -1}}
{"timestamp": "2025-09-12T13:31:46.227529", "function_name": "craft", "function_body": "  return []", "island_id": 8, "scores": {"3": 0.0}}
{"timestamp": "2025-09-12T13:31:49.491424", "function_name": "craft", "function_body": "  return []  # Placeholder", "island_id": 8, "scores": {"3": 0.0}}
{"timestamp": "2025-09-12T13:31:51.483444", "function_name": "craft", "function_body": "  return []", "island_id": 8, "scores": {"3": 0.0}}
{"timestamp": "2025-09-12T13:31:54.479425", "function_name": "craft", "function_body": "  return []", "island_id": 3, "scores": {"3": 0.0}}
{"timestamp": "2025-09-12T13:31:56.463347", "function_name": "craft", "function_body": "  return []", "island_id": 3, "scores": {"3": 0.0}}
{"timestamp": "2025-09-12T13:32:47.842458", "function_name": "craft", "function_body": "  return []", "island_id": 8, "scores": {"3": 0.0}}
{"timestamp": "2025-09-12T13:32:49.721113", "function_name": "craft", "function_body": "  actions = []\n  # Get the index of the target item\n  item_index = env.scenario.world.cookbook.index.index(item)\n  if item_index is None:\n      return actions  # Item not found in the environment\n\n  # Check if the item is a primitive\n  if item_index in env.scenario.world.cookbook.primitives:\n      print(f\"{item} is a primitive. Collect it directly.\")\n      return collect(env, item)\n\n  # Check the recipe for the item\n  recipe = env.scenario.world.cookbook.recipes.get(item_index, {})\n  if not recipe:\n      return actions  # No recipe found\n\n  # Check if all required ingredients are in the inventory\n  required_ingredients = {k: v for k, v in recipe.items() if k != '_key'}\n  has_all_ingredients = all(\n      env._current_state.inventory[ingredient] >= count\n      for ingredient, count in required_ingredients.items()\n  )\n\n  if has_all_ingredients:\n      # Navigate to the workshop specified in the recipe\n      workshop_index = recipe.get('_key')\n      if workshop_index is None:\n          return actions  # No workshop specified\n\n      workshop_name = env.scenario.world.cookbook.index.get(workshop_index)\n      if workshop_name is None:\n          return actions  # Workshop name not found\n\n      # Move to the workshop location\n      workshop_positions = find_positions(env, workshop_name)\n      if not workshop_positions:\n          return actions  # Workshop not found in the grid\n\n      # Choose the closest workshop\n      closest_workshop = min(\n          workshop_positions,\n          key=lambda pos: abs(pos[0] - env._current_state.pos[0]) + abs(pos[1] - env._current_state.pos[1])\n      )\n\n      # Move to the workshop\n      move_actions = move_to_position(env, closest_workshop)\n      if not move_actions:\n          return actions  # Could not find a path to the workshop\n\n      actions.extend(move_actions)\n\n      # Use the workshop to craft the item\n      actions.append(env.action_specs()[env.action_map['USE']])\n  else:\n      # If not all ingredients are present, collect them first\n      for ingredient, count in required_ingredients.items():\n          ingredient_name = env.scenario.world.cookbook.index.get(ingredient)\n          if ingredient_name is None:\n              continue\n\n          # Collect the ingredient\n          collect_actions = collect(env, ingredient_name)\n          actions.extend(collect_actions)\n\n          # Check if we have enough of the ingredient after collecting\n          if env._current_state.inventory[ingredient] < count:\n              print(f\"Not enough {ingredient_name} collected. Required: {count}, Current: {env._current_state.inventory[ingredient]}\")\n              return actions  # Not enough collected, cannot proceed\n\n      # After collecting all ingredients, try to craft again\n      return craft_v2(env, item)  # Recursive call to attempt crafting again\n\n  return actions", "island_id": 8, "scores": {"3": -1}}
{"timestamp": "2025-09-12T13:32:52.778745", "function_name": "craft", "function_body": "  return []", "island_id": 6, "scores": {"3": 0.0}}
{"timestamp": "2025-09-12T13:32:54.779369", "function_name": "craft", "function_body": "  return []", "island_id": 6, "scores": {"3": 0.0}}
{"timestamp": "2025-09-12T13:32:57.770000", "function_name": "craft", "function_body": "  return []", "island_id": 5, "scores": {"3": 0.0}}
{"timestamp": "2025-09-12T13:32:59.758495", "function_name": "craft", "function_body": "  return []", "island_id": 5, "scores": {"3": 0.0}}
{"timestamp": "2025-09-12T13:33:03.846119", "function_name": "craft", "function_body": "  return []", "island_id": 7, "scores": {"3": 0.0}}
{"timestamp": "2025-09-12T13:33:05.724678", "function_name": "craft", "function_body": "  # TODO: Your code here.\n  raise NotImplementedError(\"You need to implement this function.\")", "island_id": 7, "scores": {"3": -1}}
{"timestamp": "2025-09-12T13:33:08.721914", "function_name": "craft", "function_body": "  return []", "island_id": 4, "scores": {"3": 0.0}}
{"timestamp": "2025-09-12T13:33:10.737488", "function_name": "craft", "function_body": "  return []", "island_id": 4, "scores": {"3": 0.0}}
{"timestamp": "2025-09-12T13:33:13.731321", "function_name": "craft", "function_body": "  return []", "island_id": 5, "scores": {"3": 0.0}}
{"timestamp": "2025-09-12T13:33:15.703058", "function_name": "craft", "function_body": "  return []", "island_id": 5, "scores": {"3": 0.0}}
{"timestamp": "2025-09-12T13:33:18.658016", "function_name": "craft", "function_body": "  return []", "island_id": 2, "scores": {"3": 0.0}}
{"timestamp": "2025-09-12T13:33:20.638756", "function_name": "craft", "function_body": "  return []", "island_id": 2, "scores": {"3": 0.0}}
{"timestamp": "2025-09-12T13:33:23.655789", "function_name": "craft", "function_body": "  return []", "island_id": 7, "scores": {"3": 0.0}}
{"timestamp": "2025-09-12T13:33:25.674070", "function_name": "craft", "function_body": "  return []", "island_id": 7, "scores": {"3": 0.0}}
{"timestamp": "2025-09-12T13:33:28.970438", "function_name": "craft", "function_body": "  return []", "island_id": 5, "scores": {"3": 0.0}}
{"timestamp": "2025-09-12T13:33:31.001704", "function_name": "craft", "function_body": "  return []", "island_id": 5, "scores": {"3": 0.0}}
{"timestamp": "2025-09-12T13:33:35.176496", "function_name": "craft", "function_body": "  return []", "island_id": 0, "scores": {"3": 0.0}}
{"timestamp": "2025-09-12T13:33:37.147436", "function_name": "craft", "function_body": "  # TODO: Implement this function using the code base and the DSL.\n\n  return []", "island_id": 0, "scores": {"3": 0.0}}
{"timestamp": "2025-09-12T13:33:40.141077", "function_name": "craft", "function_body": "  return []", "island_id": 3, "scores": {"3": 0.0}}
{"timestamp": "2025-09-12T13:33:42.119387", "function_name": "craft", "function_body": "  return []", "island_id": 3, "scores": {"3": 0.0}}
{"timestamp": "2025-09-12T13:34:17.203874", "function_name": "craft", "function_body": "  return []", "island_id": 9, "scores": {"3": 0.0}}
{"timestamp": "2025-09-12T13:34:19.220011", "function_name": "craft", "function_body": "  # Get the index of the item in the environment's cookbook\n  cookbook = env.world.cookbook\n  item_index = cookbook.index.index(item)\n\n  # Check if the item has a recipe\n  if item_index not in cookbook.recipes:\n    return []\n\n  # Get the required ingredients for the item\n  recipe = cookbook.recipes[item_index]\n  required_ingredients = {k: v for k, v in recipe.items() if k != '_key'}\n\n  # Check if we have all the required ingredients\n  state = env._current_state\n  inventory = state.inventory\n  for ingredient_index, count in required_ingredients.items():\n    if inventory[ingredient_index] < count:\n      return []\n\n  # Get the workshop for the recipe\n  workshop_index = required_ingredients.get('_key', None)\n  if workshop_index is None:\n    return []\n\n  # Get the position of the workshop\n  grid = state.grid\n  workshop_positions = np.argwhere(grid[:, :, workshop_index] > 0)\n  if len(workshop_positions) == 0:\n    return []\n\n  workshop_pos = workshop_positions[0]\n  x, y = workshop_pos\n\n  # Move to the workshop\n  pos = state.pos\n  dir = state.dir\n  actions = []\n  dx, dy = 0, 0\n  if pos[0] < x:\n    dx = 1\n  elif pos[0] > x:\n    dx = -1\n  if pos[1] < y:\n    dy = 1\n  elif pos[1] > y:\n    dy = -1\n\n  # TODO: Implement pathfinding to reach the workshop\n\n  # Once at the workshop, use the USE action to craft the item\n  actions.append(env.action_specs()[env.CRAFTLAB_USE_ACTION])\n\n  return actions", "island_id": 9, "scores": {"3": -1}}
{"timestamp": "2025-09-12T13:34:23.039964", "function_name": "craft", "function_body": "  return []", "island_id": 6, "scores": {"3": 0.0}}
{"timestamp": "2025-09-12T13:34:25.254040", "function_name": "craft", "function_body": "  return []", "island_id": 6, "scores": {"3": 0.0}}
{"timestamp": "2025-09-12T13:34:28.121748", "function_name": "craft", "function_body": "  return []", "island_id": 2, "scores": {"3": 0.0}}
{"timestamp": "2025-09-12T13:34:30.093164", "function_name": "craft", "function_body": "  return []", "island_id": 2, "scores": {"3": 0.0}}
{"timestamp": "2025-09-12T13:34:33.003220", "function_name": "craft", "function_body": "  return []", "island_id": 7, "scores": {"3": 0.0}}
{"timestamp": "2025-09-12T13:34:35.002023", "function_name": "craft", "function_body": "  return []", "island_id": 7, "scores": {"3": 0.0}}
{"timestamp": "2025-09-12T13:34:37.897929", "function_name": "craft", "function_body": "  return []", "island_id": 7, "scores": {"3": 0.0}}
{"timestamp": "2025-09-12T13:34:39.865907", "function_name": "craft", "function_body": "  return []", "island_id": 7, "scores": {"3": 0.0}}
{"timestamp": "2025-09-12T13:34:42.940944", "function_name": "craft", "function_body": "  return []", "island_id": 4, "scores": {"3": 0.0}}
{"timestamp": "2025-09-12T13:34:44.935816", "function_name": "craft", "function_body": "  return []", "island_id": 4, "scores": {"3": 0.0}}
{"timestamp": "2025-09-12T13:34:47.940434", "function_name": "craft", "function_body": "  return []", "island_id": 1, "scores": {"3": 0.0}}
{"timestamp": "2025-09-12T13:34:49.913646", "function_name": "craft", "function_body": "  return []", "island_id": 1, "scores": {"3": 0.0}}
{"timestamp": "2025-09-12T13:34:53.150243", "function_name": "craft", "function_body": "  return []  ", "island_id": 9, "scores": {"3": 0.0}}
{"timestamp": "2025-09-12T13:34:55.169179", "function_name": "craft", "function_body": "  return []  ", "island_id": 9, "scores": {"3": 0.0}}
{"timestamp": "2025-09-12T13:34:58.277621", "function_name": "craft", "function_body": "  return []", "island_id": 4, "scores": {"3": 0.0}}
{"timestamp": "2025-09-12T13:35:00.260084", "function_name": "craft", "function_body": "  return [] ", "island_id": 4, "scores": {"3": 0.0}}
{"timestamp": "2025-09-12T13:35:32.593849", "function_name": "craft", "function_body": "  return []", "island_id": 9, "scores": {"3": 0.0}}
{"timestamp": "2025-09-12T13:35:34.674786", "function_name": "craft", "function_body": "  workshop_indices = env.world.world.workshop_indices\n  current_pos = env._current_state.pos\n  grid = env._current_state.grid\n  world = env.world.world\n  cookbook = world.cookbook\n  index = cookbook.index\n  i_item = index.index(item)\n  # Check if the item is a primitive\n  if i_item in world.world.primitives:\n      return collect(env, item)\n  recipe = cookbook.recipes.get(i_item, {})\n  if not recipe:\n      return []\n  # Check if all required items are in inventory\n  required_items = {k: v for k, v in recipe.items() if k != \"_key\"}\n  for i_required, count in required_items.items():\n      if env._current_state.inventory[i_required] < count:\n          # Not enough of a required item, need to craft or collect it\n          return []\n  # Find the workshop for the item\n  workshop_key = recipe.get(\"_key\", None)\n  if workshop_key is None:\n      return []\n  i_workshop = index.index(workshop_key)\n  # Find the workshop on the grid\n  workshop_pos = None\n  for y in range(grid.shape[0]):\n      for x in range(grid.shape[1]):\n          if grid[y, x, i_workshop] > 0:\n              workshop_pos = (x, y)\n              break\n      if workshop_pos:\n          break\n  if workshop_pos is None:\n      return []\n  # Move to the workshop\n  actions = move_to(env, workshop_pos)\n  if not actions:\n      return []\n  # Use the workshop to craft the item\n  actions.append(craft.CRAFT_FUNC.index)  # Assuming CRAFT_FUNC is an enum or similar\n  return actions", "island_id": 9, "scores": {"3": -1}}
{"timestamp": "2025-09-12T13:35:37.931347", "function_name": "craft", "function_body": "  return []", "island_id": 9, "scores": {"3": 0.0}}
{"timestamp": "2025-09-12T13:35:40.968599", "function_name": "craft", "function_body": "  return []", "island_id": 9, "scores": {"3": 0.0}}
{"timestamp": "2025-09-12T13:35:43.902149", "function_name": "craft", "function_body": "  return []", "island_id": 8, "scores": {"3": 0.0}}
{"timestamp": "2025-09-12T13:35:46.224530", "function_name": "craft", "function_body": "  return []", "island_id": 8, "scores": {"3": 0.0}}
{"timestamp": "2025-09-12T13:35:49.848497", "function_name": "craft", "function_body": "  return []  ", "island_id": 5, "scores": {"3": 0.0}}
{"timestamp": "2025-09-12T13:35:52.188357", "function_name": "craft", "function_body": "  return []", "island_id": 5, "scores": {"3": 0.0}}
{"timestamp": "2025-09-12T13:36:25.525181", "function_name": "craft", "function_body": "", "island_id": 3, "scores": {"3": -1}}
{"timestamp": "2025-09-12T13:36:27.520241", "function_name": "craft", "function_body": "  recipe = env.world.cookbook.recipes.get(item, {})\n  if not recipe:\n    return []\n\n  # Check if all required ingredients are in inventory\n  for ingredient, count in recipe.items():\n    if env._current_state.inventory[ingredient] < count:\n      return []\n\n  # Find the workshop for this recipe\n  workshop = recipe.get('_key')\n  if not workshop:\n    return []\n\n  # Move to the workshop\n  workshop_pos = np.argwhere(env._current_state.grid[workshop])\n  if not workshop_pos.size:\n    return []\n\n  # Move to the workshop (simplified for brevity)\n  actions = []\n  for x, y in workshop_pos:\n    if env._current_state.pos != (x, y):\n      # Move towards the workshop (this is a placeholder for actual movement logic)\n      dx = x - env._current_state.pos[0]\n      dy = y - env._current_state.pos[1]\n      if dx > 0:\n        actions.append(craft.RIGHT)\n      elif dx < 0:\n        actions.append(craft.LEFT)\n      if dy > 0:\n        actions.append(craft.DOWN)\n      elif dy < 0:\n        actions.append(craft.UP)\n      time.sleep(0.1)  # Simulate time taken for movement\n\n  # Use the workshop to craft the item\n  actions.append(craft.USE)\n\n  return actions", "island_id": 3, "scores": {"3": 0.0}}
{"timestamp": "2025-09-12T13:37:45.845244", "function_name": "craft", "function_body": "  return []", "island_id": 2, "scores": {"3": 0.0}}
{"timestamp": "2025-09-12T13:37:47.846699", "function_name": "craft", "function_body": "  return []", "island_id": 2, "scores": {"3": 0.0}}
{"timestamp": "2025-09-12T13:38:59.832301", "function_name": "craft", "function_body": "", "island_id": 6, "scores": {"3": -1}}
{"timestamp": "2025-09-12T13:39:01.823543", "function_name": "craft", "function_body": "  return []", "island_id": 6, "scores": {"3": 0.0}}
{"timestamp": "2025-09-12T13:39:04.607861", "function_name": "craft", "function_body": "  return []", "island_id": 3, "scores": {"3": 0.0}}
{"timestamp": "2025-09-12T13:39:06.607268", "function_name": "craft", "function_body": "  return []", "island_id": 3, "scores": {"3": 0.0}}
{"timestamp": "2025-09-12T13:39:09.343302", "function_name": "craft", "function_body": "  return []", "island_id": 5, "scores": {"3": 0.0}}
{"timestamp": "2025-09-12T13:39:11.323320", "function_name": "craft", "function_body": "  return []", "island_id": 5, "scores": {"3": 0.0}}
{"timestamp": "2025-09-12T13:39:14.600849", "function_name": "craft", "function_body": "  return []", "island_id": 4, "scores": {"3": 0.0}}
{"timestamp": "2025-09-12T13:39:16.656701", "function_name": "craft", "function_body": "  return [] ", "island_id": 4, "scores": {"3": 0.0}}
{"timestamp": "2025-09-12T13:39:19.528388", "function_name": "craft", "function_body": "  return []", "island_id": 8, "scores": {"3": 0.0}}
{"timestamp": "2025-09-12T13:39:21.522571", "function_name": "craft", "function_body": "  return []", "island_id": 8, "scores": {"3": 0.0}}
{"timestamp": "2025-09-12T13:39:24.406189", "function_name": "craft", "function_body": "  return []", "island_id": 4, "scores": {"3": 0.0}}
{"timestamp": "2025-09-12T13:39:26.381592", "function_name": "craft", "function_body": "  return []", "island_id": 4, "scores": {"3": 0.0}}
{"timestamp": "2025-09-12T13:39:29.476160", "function_name": "craft", "function_body": "  return []", "island_id": 6, "scores": {"3": 0.0}}
{"timestamp": "2025-09-12T13:39:31.903444", "function_name": "craft", "function_body": "  return []", "island_id": 6, "scores": {"3": 0.0}}
{"timestamp": "2025-09-12T13:39:35.274009", "function_name": "craft", "function_body": "  return []", "island_id": 5, "scores": {"3": 0.0}}
{"timestamp": "2025-09-12T13:39:37.603789", "function_name": "craft", "function_body": "  return []", "island_id": 5, "scores": {"3": 0.0}}
{"timestamp": "2025-09-12T13:39:40.638937", "function_name": "craft", "function_body": "  return []", "island_id": 7, "scores": {"3": 0.0}}
{"timestamp": "2025-09-12T13:39:42.738546", "function_name": "craft", "function_body": "  return []", "island_id": 7, "scores": {"3": 0.0}}
{"timestamp": "2025-09-12T13:39:45.994719", "function_name": "craft", "function_body": "  return []", "island_id": 4, "scores": {"3": 0.0}}
{"timestamp": "2025-09-12T13:39:48.200441", "function_name": "craft", "function_body": "  return []", "island_id": 4, "scores": {"3": 0.0}}
{"timestamp": "2025-09-12T13:39:51.409106", "function_name": "craft", "function_body": "  return []", "island_id": 6, "scores": {"3": 0.0}}
{"timestamp": "2025-09-12T13:39:53.557230", "function_name": "craft", "function_body": "  return []", "island_id": 6, "scores": {"3": 0.0}}
{"timestamp": "2025-09-12T13:39:56.941809", "function_name": "craft", "function_body": "  return []", "island_id": 0, "scores": {"3": 0.0}}
{"timestamp": "2025-09-12T13:39:59.044483", "function_name": "craft", "function_body": "  return []", "island_id": 0, "scores": {"3": 0.0}}
{"timestamp": "2025-09-12T13:40:01.847606", "function_name": "craft", "function_body": "  return []", "island_id": 2, "scores": {"3": 0.0}}
{"timestamp": "2025-09-12T13:40:03.946747", "function_name": "craft", "function_body": "  return []", "island_id": 2, "scores": {"3": 0.0}}
{"timestamp": "2025-09-12T13:40:24.750971", "function_name": "craft", "function_body": "  return []", "island_id": 6, "scores": {"3": 0.0}}
{"timestamp": "2025-09-12T13:40:26.728434", "function_name": "craft", "function_body": "  # Get the index of the item in the cookbook's index\n  index = env.world.cookbook.index\n  item_idx = index.index(item)\n\n  # Retrieve the recipe for the item\n  recipe = env.world.cookbook.recipes.get(item_idx)\n  if recipe is None:\n    return []  # Item not found in recipes\n\n  # Check if all required ingredients are present in inventory\n  inventory = env._current_state.inventory\n  for ingredient, count in recipe.items():\n    if ingredient == \"_key\":\n      continue  # Skip the key ingredient\n    if inventory[ingredient] < count:\n      return []  # Not enough of an ingredient\n\n  # Find the workshop where the item can be crafted\n  workshop_idx = recipe.get(\"_key\")\n  if workshop_idx is None:\n    return []  # No workshop specified\n\n  workshop_name = index.get(workshop_idx)\n  if workshop_name is None:\n    return []  # Workshop not found in index\n\n  # Move to the workshop\n  workshop_pos = find_entity_position(env, workshop_name)\n  if workshop_pos is None:\n    return []  # Workshop not found in the environment\n\n  move_actions = move_to_position(env, workshop_pos)\n  if not move_actions:\n    return []  # Could not find a path to the workshop\n\n  # Perform the crafting action (USE)\n  use_action = [env.action_specs()[env.action_specs().keys()[-1]]]  # Assuming USE is the last action\n  return move_actions + use_action", "island_id": 6, "scores": {"3": -1}}
{"timestamp": "2025-09-12T13:40:49.830559", "function_name": "craft", "function_body": "  workshop_index = 0  # Default workshop index\n  actions = []\n\n  # Get the current state from the environment\n  current_state = env._current_state\n\n  # Get the index of the target item\n  if isinstance(item, str):\n    item_index = env.world.cookbook.index.index(item)\n  else:\n    item_index = item\n\n  # Check if the item exists in the recipes\n  if item_index not in env.world.cookbook.cookbook.recipes:\n    return []  # No recipe for this item\n\n  # Get the recipe for the item\n  recipe = env.world.cookbook.recipes[item_index]\n  workshop_required = recipe.get('_key', None)\n\n  if workshop_required:\n    # Determine the workshop index based on the workshop name\n    workshop_name = workshop_required\n    workshop_index = env.world.cookbook.index.index(workshop_name)\n\n  # Check if the agent is already at the workshop\n  current_pos = current_state.pos\n  grid = current_state.grid\n  width, height, _ = grid.shape\n\n  # Function to find the workshop position\n  def find_workshop_position(workshop_idx):\n    for x in range(width):\n      for y in range(height):\n        if grid[x, y, workshop_idx] > 0:\n          return (x, y)\n    return None\n\n  workshop_pos = find_workshop_position(workshop_index)\n  if workshop_pos is None:\n    return []  # Workshop not found\n\n  # Move to the workshop\n  actions += move_to(env, workshop_pos)\n\n  # Perform the craft action (USE)\n  actions.append(craft.CRAFT_FUNC)  # Assuming CRAFT_FUNC is the index for the USE action\n\n  return actions", "island_id": 8, "scores": {"3": -1}}
{"timestamp": "2025-09-12T13:40:52.109751", "function_name": "craft", "function_body": "  return []", "island_id": 8, "scores": {"3": 0.0}}
{"timestamp": "2025-09-12T13:41:34.996087", "function_name": "craft", "function_body": "  actions = []\n  # Get the recipe for the item\n  recipe = env.world.cookbook.recipes.get(item, {})\n  if not recipe:\n    return actions\n\n  # Check if all required ingredients are in inventory\n  for ingredient, count in recipe.items():\n    if env._current_state.inventory[ingredient] < count:\n      return actions\n\n  # Find the workshop for this recipe\n  workshop = recipe.get('_key')\n  if not workshop:\n    return actions\n\n  # Find the workshop in the grid\n  workshop_pos = np.argwhere(env._current_state.grid[workshop])\n  if not workshop_pos.size:\n    return actions\n\n  # Move to the workshop\n  for x, y in workshop_pos:\n    # Check if the agent is already at the workshop\n    if env._current_state.pos == (x, y):\n      break\n    # Calculate the direction to move\n    dx = x - env._current_state.pos[0]\n    dy = y - env._current_state.pos[1]\n    # Move in the correct direction\n    if dx > 0:\n      actions.append(craft.RIGHT)\n    elif dx < 0:\n      actions.append(craft.LEFT)\n    if dy > 0:\n      actions.append(craft.DOWN)\n    elif dy < 0:\n      actions.append(craft.UP)\n    # Update the environment to reflect the movement\n    _, done, _ = env.step(actions[-1])\n    if done:\n      return actions\n\n  # Once at the workshop, use it to craft the item\n  actions.append(craft.USE)\n\n  return actions", "island_id": 3, "scores": {"3": 0.0}}
{"timestamp": "2025-09-12T13:41:36.958186", "function_name": "craft", "function_body": "  # Get the index of the item in the cookbook\n  item_idx = env.world.cookbook.index.index(item)\n  if item_idx is None:\n    return []\n\n  # Check if the item is a primitive\n  if item_idx in env.world.cookbook.primitives:\n    return []\n\n  # Check if the item can be crafted\n  recipe = env.world.cookbook.recipes.get(item_idx, {})\n  if not recipe:\n    return []\n\n  # Check if all required ingredients are in inventory\n  for ingredient, count in recipe.items():\n    if env._current_state.inventory[ingredient] < count:\n      return []\n\n  # Find the workshop for this recipe\n  workshop_idx = recipe.get('_key')\n  if not workshop_idx:\n    return []\n\n  # Move to the workshop\n  workshop_pos = np.argwhere(env._current_state.grid[workshop_idx])\n  if not workshop_pos.size:\n    return []\n\n  # Move to the workshop (simplified for brevity)\n  actions = []\n  for x, y in workshop_pos:\n    if env._current_state.pos != (x, y):\n      # Move towards the workshop (this is a placeholder for actual movement logic)\n      dx = x - env._current_state.pos[0]\n      dy = y - env._current_state.pos[1]\n      if dx > 0:\n        actions.append(craft.RIGHT)\n      elif dx < 0:\n        actions.append(craft.LEFT)\n      if dy > 0:\n        actions.append(craft.DOWN)\n      elif dy < 0:\n        actions.append(craft.UP)\n      time.sleep(0.1)  # Simulate time taken for movement\n\n  # Use the workshop to craft the item\n  actions.append(craft.USE)\n\n  return actions", "island_id": 3, "scores": {"3": -1}}
{"timestamp": "2025-09-12T13:41:39.773342", "function_name": "craft", "function_body": "  return []", "island_id": 5, "scores": {"3": 0.0}}
{"timestamp": "2025-09-12T13:41:41.829148", "function_name": "craft", "function_body": "  return []", "island_id": 5, "scores": {"3": 0.0}}
{"timestamp": "2025-09-12T13:42:01.566236", "function_name": "craft", "function_body": "  # We will first check if the item is a primitive and if it is present in the environment. If yes then we will collect it.\n  if item in env.world.cookbook.primitives:\n    actions = collect(env, item)\n    return actions\n  # If the item is not a primitive, we will check if the recipe for the item exists in the cookbook.\n  recipe = env.world.cookbook.recipes.get(item)\n  if recipe is None:\n    return []\n  # We will then check if the required ingredients for the recipe are present in the inventory.\n  required_ingredients = {}\n  for ingredient, count in recipe.items():\n    if ingredient != \"_key\":\n      required_ingredients[ingredient] = count\n  for ingredient, count in required_ingredients.items():\n    if env._current_state.inventory[ingredient] < count:\n      return []\n  # We will now move to the workshop specified in the recipe.\n  workshop = recipe[\"_key\"]\n  workshop_pos = find_workshop(env, workshop)\n  if workshop_pos is None:\n    return []\n  # We will then move to the workshop and perform the USE action to craft the item.\n  actions = move_to(env, workshop_pos)\n  actions.append(env.action_specs()[USE])\n  return actions", "island_id": 6, "scores": {"3": 0.0}}
{"timestamp": "2025-09-12T13:42:03.751074", "function_name": "craft", "function_body": "  return []", "island_id": 6, "scores": {"3": 0.0}}
{"timestamp": "2025-09-12T13:42:06.762270", "function_name": "craft", "function_body": "  return []", "island_id": 6, "scores": {"3": 0.0}}
{"timestamp": "2025-09-12T13:42:08.861717", "function_name": "craft", "function_body": "  return []", "island_id": 6, "scores": {"3": 0.0}}
{"timestamp": "2025-09-12T13:43:12.296032", "function_name": "craft", "function_body": "  # Retrieve the index of the item using the environment's cookbook index\n  item_idx = env.world.cookbook.index.index(item)\n  # Get the recipe for the item\n  recipe = env.world.cookbook.recipes.get(item_idx, {})\n\n  if not recipe:\n    return []  # No recipe exists for the item\n\n  # Check if all required ingredients are in inventory\n  inventory = env._current_state.inventory\n  required_ingredients = {k: v for k, v in recipe.items() if k != '_key'}\n\n  for ingredient_idx, count in required_ingredients.items():\n    if inventory[ingredient_idx] < count:\n      return []  # Not enough of an ingredient, cannot craft\n\n  # If all ingredients are available, proceed to the workshop\n  workshop_idx = recipe.get('_key')\n  if workshop_idx is None:\n    return []  # No workshop specified in recipe\n\n  workshop_name = env.world.cookbook.index.get(workshop_idx)\n  workshop_name = workshop_name.lower()  # Normalize workshop name\n\n  # Determine the workshop location type based on name\n  if 'workshop0' in workshop_name:\n    workshop_type = 'workshop0'\n  elif 'workshop1' in workshop_name:\n    workshop_type = 'workshop1'\n  elif 'workshop2' in workshop_name:\n    workshop_type = 'workshop2'\n  else:\n    return []  # Unknown workshop type\n\n  # Find the workshop location in the grid\n  grid = env._current_state.grid\n  for y in range(grid.shape[0]):\n    for x in range(grid.shape[1]):\n      if grid[y, x, workshop_idx] > 0:  # Found the workshop\n        workshop_pos = (x, y)\n        break\n    else:\n      continue\n    break\n  else:\n    return []  # Workshop not found\n\n  # Move to the workshop position\n  current_pos = env._current_state.pos\n  actions = []\n  # Implement movement logic towards the workshop\n  # This is a simplified example; actual pathfinding may be needed\n  dx = workshop_pos[0] - current_pos[0]\n  dy = workshop_pos[1] - current_pos[1]\n\n  if dx > 0:\n    actions.append(env.action_specs()['RIGHT'])\n  elif dx < 0:\n    actions.append(env.action_specs()['LEFT'])\n  if dy > 0:\n    actions.append(env.action_specs()['DOWN'])\n  elif dy < 0:\n    actions.append(env.action_specs()['UP'])\n\n  # After reaching the workshop, perform the USE action to craft\n  actions.append(env.action_specs()['USE'])\n\n  return actions", "island_id": 4, "scores": {"3": -1}}
{"timestamp": "2025-09-12T13:43:14.185698", "function_name": "craft", "function_body": "  actions = []\n  # Retrieve the index of the item to be crafted using the environment's cookbook index.\n  target_item_index = env.scenario.world.cookbook.index.index(item)\n  # Check the recipe for the target item to determine the required ingredients.\n  target_recipe = env.scenario.world.cookbook.recipes.get(target_item_index, {})\n  required_ingredients = {k: v for k, v in target_recipe.items() if k != '_key'}\n  # Check if the agent has all the required ingredients in the inventory.\n  has_all_ingredients = all(\n      env._current_state.inventory[k] >= v for k, v in required_ingredients.items())\n  if has_all_ingredients:\n      # If all ingredients are present, proceed to the corresponding workshop and use it.\n      workshop_index = target_recipe.get('_key', 0)\n      workshop_name = env.scenario.world.cookbook.index.get(workshop_index)\n      # Find the workshop's position on the grid.\n      grid = env._current_state.grid\n      workshop_positions = np.argwhere(grid[:, :, workshop_index] > 0)\n      if len(workshop_positions) == 0:\n          return []  # Workshop not found.\n      workshop_pos = tuple(workshop_positions[0])\n      # Calculate the path to the workshop.\n      path_to_workshop = find_path(env._current_state.pos, workshop_pos, grid)\n      if path_to_workshop is None:\n          return []  # No valid path found.\n      # Convert the path to movement actions.\n      movement_actions = path_to_actions(path_to_workshop, env._current_state.dir)\n      actions.extend(movement_actions)\n      # Add the USE action to craft the item at the workshop.\n      actions.append(craft.ACTION_USE)\n  return actions", "island_id": 4, "scores": {"3": -1}}
{"timestamp": "2025-09-12T13:43:17.110379", "function_name": "craft", "function_body": "  return []", "island_id": 9, "scores": {"3": 0.0}}
{"timestamp": "2025-09-12T13:43:19.134138", "function_name": "craft", "function_body": "  return []", "island_id": 9, "scores": {"3": 0.0}}
{"timestamp": "2025-09-12T13:43:22.204880", "function_name": "craft", "function_body": "  return []", "island_id": 7, "scores": {"3": 0.0}}
{"timestamp": "2025-09-12T13:43:24.187751", "function_name": "craft", "function_body": "  return [] # placeholder", "island_id": 7, "scores": {"3": 0.0}}
{"timestamp": "2025-09-12T13:43:28.443064", "function_name": "craft", "function_body": "  return []", "island_id": 8, "scores": {"3": 0.0}}
{"timestamp": "2025-09-12T13:43:30.449202", "function_name": "craft", "function_body": "  return []", "island_id": 8, "scores": {"3": 0.0}}
{"timestamp": "2025-09-12T13:43:33.279229", "function_name": "craft", "function_body": "  return []", "island_id": 3, "scores": {"3": 0.0}}
{"timestamp": "2025-09-12T13:43:35.298277", "function_name": "craft", "function_body": "  return []", "island_id": 3, "scores": {"3": 0.0}}
{"timestamp": "2025-09-12T13:43:38.032568", "function_name": "craft", "function_body": "  return []", "island_id": 0, "scores": {"3": 0.0}}
{"timestamp": "2025-09-12T13:43:40.025572", "function_name": "craft", "function_body": "  return []", "island_id": 0, "scores": {"3": 0.0}}
{"timestamp": "2025-09-12T13:44:03.284055", "function_name": "craft", "function_body": "  return [] ", "island_id": 5, "scores": {"3": 0.0}}
{"timestamp": "2025-09-12T13:44:05.536787", "function_name": "craft", "function_body": "  # Step 1: Get the index of the item to be crafted\n  cookbook = env.world.cookbook\n  item_index = cookbook.index.index(item)\n  workshop_index = None\n\n  # Step 2: Check if the recipe for the item exists and determine the required workshop\n  if item_index not in cookbook.recipes:\n    return []  # Recipe does not exist for this item\n\n  recipe = cookbook.recipes[item_index]\n\n  # Determine the workshop required for the recipe\n  workshop_indices = [k for k, v in recipe.items() if k.startswith('_key')]\n  if workshop_indices:\n    workshop_index = workshop_indices[0]\n  else:\n    return []  # No workshop specified in the recipe\n\n  # Step 3: Check if we have all the required ingredients\n  required_ingredients = {k: v for k, v in recipe.items() if not k.startswith('_key')}\n  for ingredient, count in required_ingredients.items():\n    if env._current_state.inventory[ingredient] < count:\n      return []  # Missing required ingredient\n\n  # Step 4: Navigate to the workshop location\n  workshop_name = cookbook.index.get(workshop_index)\n  workshop_pos = find_entity_position(env._current_state.grid, workshop_name)\n  if workshop_pos is None:\n    return []  # Workshop not found in the grid\n\n  # Move to the workshop position\n  move_actions = navigate_to_position(env, env._current_state.pos, workshop_pos)\n  if not move_actions:\n    return []  # Could not find a path to the workshop\n\n  # Step 5: Use the workshop to craft the item\n  move_actions.append(craft.ACTION_USE)  # Assuming USE action is the correct one\n\n  return move_actions", "island_id": 5, "scores": {"3": -1}}
{"timestamp": "2025-09-12T13:44:48.830498", "function_name": "craft", "function_body": "  # Get the index of the item in the cookbook's index\n  cookbook = env.world.cookbook\n  item_index = cookbook.index.index(item)\n  if item_index == 0:\n    return []\n  \n  # Check if the item can be crafted\n  if item_index not in cookbook.recipes:\n    return []\n  \n  # Get the recipe for the item\n  recipe = cookbook.recipes[item_index]\n  required_items = {}\n  for key, value in recipe.items():\n    if key == '_key':\n      continue\n    required_items[key] = value\n  \n  # Check if we have all the required items\n  current_inventory = env._current_state.inventory\n  for required_item, required_count in required_items.items():\n    if current_inventory[required_item] < required_count:\n      return []\n  \n  # Find the workshop for the item\n  workshop_index = recipe.get('_key', None)\n  if workshop_index is None:\n    return []\n  \n  workshop_name = cookbook.index.get(workshop_index)\n  if workshop_name is None:\n    return []\n  \n  workshop_kind = env.world.cookbook.index.index(workshop_name)\n  \n  # Find the workshop on the grid\n  grid = env._current_state.grid\n  pos = env._current_state.pos\n  width, height, _ = grid.shape\n  for y in range(height):\n    for x in range(width):\n      if grid[x, y, workshop_kind] > 0:\n        workshop_pos = (x, y)\n        break\n    else:\n      continue\n    break\n  else:\n    return []\n  \n  # Move to the workshop\n  actions = []\n  dx, dy = workshop_pos[0] - pos[0], workshop_pos[1] - pos[1]\n  if dx < 0:\n    actions.append(craft.LEFT)\n  elif dx > 0:\n    actions.append(craft.RIGHT)\n  if dy < 0:\n    actions.append(craft.DOWN)\n  elif dy > 0:\n    actions.append(craft.UP)\n  \n  # Use the workshop to craft the item\n  actions.append(craft.USE)\n  \n  return actions", "island_id": 9, "scores": {"3": -1}}
{"timestamp": "2025-09-12T13:44:50.707104", "function_name": "craft", "function_body": "  # Step 1: Get the index of the item to be crafted in the cookbook.index\n  item_index = env.world.cookbook.index[item]\n\n  # Step 2: Check if the item has a recipe\n  if item_index not in env.world.cookbook.recipes:\n      return []  # No recipe for this item\n\n  # Step 3: Get the recipe for the item\n  recipe = env.world.cookbook.recipes[item_index]\n\n  # Step 4: Check if all required ingredients are in the inventory\n  inventory = env._current_state.inventory\n  for ingredient, count in recipe.items():\n      if inventory[ingredient] < count:\n          return []  # Not all ingredients are available\n\n  # Step 5: Find the location of the required workshop\n  workshop_index = recipe.get(\"_key\")  # Assuming workshop is specified in the recipe\n  workshop_positions = np.argwhere(env._current_state.grid[:, :, workshop_index] > 0)\n  if len(workshop_positions) == 0:\n      return []  # No workshop found\n\n  # Step 6: Move to the workshop\n  workshop_pos = workshop_positions[0]\n  move_actions = move_to_position(env, workshop_pos)\n\n  # Step 7: Perform the USE action to craft the item\n  move_actions.append(env.action_specs()['USE'])\n\n  return move_actions", "island_id": 9, "scores": {"3": -1}}
{"timestamp": "2025-09-12T13:44:53.476615", "function_name": "craft", "function_body": "  return []", "island_id": 9, "scores": {"3": 0.0}}
{"timestamp": "2025-09-12T13:44:55.464722", "function_name": "craft", "function_body": "  return []", "island_id": 9, "scores": {"3": 0.0}}
{"timestamp": "2025-09-12T13:44:58.264254", "function_name": "craft", "function_body": "  return []", "island_id": 1, "scores": {"3": 0.0}}
{"timestamp": "2025-09-12T13:45:00.341090", "function_name": "craft", "function_body": "  return []", "island_id": 1, "scores": {"3": 0.0}}
{"timestamp": "2025-09-12T13:45:03.120134", "function_name": "craft", "function_body": "  return [] ", "island_id": 3, "scores": {"3": 0.0}}
{"timestamp": "2025-09-12T13:45:05.157577", "function_name": "craft", "function_body": "  return []", "island_id": 3, "scores": {"3": 0.0}}
{"timestamp": "2025-09-12T13:45:07.891665", "function_name": "craft", "function_body": "  return []", "island_id": 1, "scores": {"3": 0.0}}
{"timestamp": "2025-09-12T13:45:09.870495", "function_name": "craft", "function_body": "  return []", "island_id": 1, "scores": {"3": 0.0}}
{"timestamp": "2025-09-12T13:45:49.138665", "function_name": "craft", "function_body": "  return []", "island_id": 8, "scores": {"3": 0.0}}
{"timestamp": "2025-09-12T13:45:51.019721", "function_name": "craft", "function_body": "  actions = []\n  item_index = env.scenario.world.cookbook.index.index(item)\n  recipe = env.scenario.world.cookbook.recipes[item_index]\n  required_items = {}\n  for ingredient, count in recipe.items():\n    if ingredient != \"_key\":\n      ingredient_name = env.scenario.world.cookbook.index.get(int(ingredient))\n      required_items[ingredient_name] = count\n\n  workshop_name = recipe[\"_key\"]\n  workshop_index = env.scenario.world.cookbook.index.index(workshop_name)\n\n  # Check if all required items are in inventory\n  inventory = env._current_state.inventory\n  for name, count in required_items.items():\n    item_idx = env.scenario.world.cookbook.index.index(name)\n    if inventory[item_idx] < count:\n      return []  # Not all items are available\n\n  # Find the workshop location\n  grid = env._current_state.grid\n  height, width, _ = grid.shape\n  workshop_found = False\n  for x in range(width):\n    for y in range(height):\n      if grid[y, x, workshop_index] > 0:\n        workshop_pos = (x, y)\n        workshop_found = True\n        break\n    if workshop_found:\n      break\n\n  if not workshop_found:\n    return []  # Workshop not found\n\n  agent_pos = env._current_state.pos\n  agent_dir = env._current_state.dir\n\n  # Move to the workshop\n  dx = workshop_pos[0] - agent_pos[0]\n  dy = workshop_pos[1] - agent_pos[1]\n\n  # Determine direction to face the workshop\n  if dx > 0:\n    target_dir = 3  # RIGHT\n  elif dx < 0:\n    target_dir = 2  # LEFT\n  elif dy > 0:\n    target_dir = 1  # UP\n  elif dy < 0:\n    target_dir = 0  # DOWN\n  else:\n    target_dir = agent_dir  # Already at the workshop\n\n  # Rotate to face the correct direction\n  while agent_dir != target_dir:\n    actions.append(USE)  # Assuming USE rotates the agent\n    agent_dir = (agent_dir + 1) % 4\n\n  # Move towards the workshop\n  while agent_pos != workshop_pos:\n    if dx > 0:\n      actions.append(RIGHT)\n      agent_pos = (agent_pos[0] + 1, agent_pos[1])\n      dx -= 1\n    elif dx < 0:\n      actions.append(LEFT)\n      agent_pos = (agent_pos[0] - 1, agent_pos[1])\n      dx += 1\n    elif dy > 0:\n      actions.append(UP)\n      agent_pos = (agent_pos[0], agent_pos[1] - 1)\n      dy -= 1\n    elif dy < 0:\n      actions.append(DOWN)\n      agent_pos = (agent_pos[0], agent_pos[1] + 1)\n      dy += 1\n\n  # Use the workshop to craft the item\n  actions.append(USE)\n\n  return actions", "island_id": 8, "scores": {"3": -1}}
{"timestamp": "2025-09-12T13:45:53.922961", "function_name": "craft", "function_body": "  return []", "island_id": 7, "scores": {"3": 0.0}}
{"timestamp": "2025-09-12T13:45:55.923659", "function_name": "craft", "function_body": "  return []", "island_id": 7, "scores": {"3": 0.0}}
{"timestamp": "2025-09-12T13:45:58.641563", "function_name": "craft", "function_body": "  return []", "island_id": 4, "scores": {"3": 0.0}}
{"timestamp": "2025-09-12T13:46:00.614276", "function_name": "craft", "function_body": "  return []", "island_id": 4, "scores": {"3": 0.0}}
{"timestamp": "2025-09-12T13:46:34.182805", "function_name": "craft", "function_body": "  return []", "island_id": 0, "scores": {"3": 0.0}}
{"timestamp": "2025-09-12T13:46:36.071348", "function_name": "craft", "function_body": "  # Get the index of the item to be crafted.\n  item_index = env.world.cookbook.index.index(item)\n  # Get the recipe for the item.\n  recipe = env.world.cookbook.recipes[item_index]\n\n  # Check if the recipe is valid.\n  if not recipe:\n      return []\n\n  # Get the required ingredients for the recipe.\n  ingredients = recipe\n\n  # Check if all the ingredients are available in the inventory.\n  inventory = env._current_state.inventory\n  for ingredient, count in ingredients.items():\n      if inventory[ingredient] < count:\n          # If any ingredient is missing, return an empty action list.\n          return []\n\n  # If all ingredients are available, proceed to craft the item.\n  workshop_indices = env.world.workshop_indices\n  # Find the closest workshop of the required type.\n  closest_workshop = None\n  min_distance = float('inf')\n  for workshop_index in workshop_indices:\n      workshop_pos = env._current_state.grid == workshop_index\n      # Find the position of the workshop.\n      for i in range(env._current_state.grid.shape[0]):\n          for j in range(env._current_state.grid.shape[1]):\n              if workshop_pos[i][j]:\n                  # Calculate the distance between the agent and the workshop.\n                  distance = abs(env._current_state.pos[0] - i) + abs(env._current_state.pos[1] - j)\n                  if distance < min_distance:\n                      min_distance = distance\n                      closest_workshop = (i, j)\n                      break\n          if closest_workshop:\n              break\n\n  # If no workshop is found, return an empty action list.\n  if not closest_workshop:\n      return []\n\n  # Move to the workshop.\n  actions = []\n  current_pos = env._current_state.pos\n  while current_pos != closest_workshop:\n      # Calculate the direction to move.\n      if closest_workshop[0] < current_pos[0]:\n          actions.append(craft.CraftWorld.DOWN)\n      elif closest_workshop[0] > current_pos[0]:\n          actions.append(craft.CraftWorld.UP)\n      if closest_workshop[1] < current_pos[1]:\n          actions.append(craft.CraftWorld.LEFT)\n      elif closest_workshop[1] > current_pos[1]:\n          actions.append(craft.CraftWorld.RIGHT)\n      # Execute the action and update the current position.\n      reward, done, observations = env.step(actions[-1])\n      current_pos = env._current_state.pos\n\n  # Once at the workshop, perform the USE action to craft the item.\n  actions.append(craft.CraftWorld.USE)\n\n  return actions", "island_id": 0, "scores": {"3": -1}}
{"timestamp": "2025-09-12T13:46:38.858513", "function_name": "craft", "function_body": "  return []", "island_id": 8, "scores": {"3": 0.0}}
{"timestamp": "2025-09-12T13:46:40.869399", "function_name": "craft", "function_body": "  return [] ", "island_id": 8, "scores": {"3": 0.0}}
{"timestamp": "2025-09-12T13:47:10.160190", "function_name": "craft", "function_body": "  # Get the index of the item to craft in the environment's index\n  item_index = env.scenario.world.cookbook.index.index(item)\n\n  # Get the recipe for the item\n  recipe = env.scenario.world.cookbook.recipes.get(item_index, {})\n\n  # If there is no recipe, return an empty list\n  if not recipe:\n    return []\n\n  # Check if all the required ingredients are in the inventory\n  inventory = env._current_state.inventory\n  required_ingredients = recipe\n  has_all_ingredients = all(inventory[ingredient] >= count for ingredient, count in required_ingredients.items())\n\n  # If not all ingredients are present, return an empty list\n  if not has_all_ingredients:\n    return []\n\n  # Find the workshop where the item can be crafted\n  workshop_index = None\n  for idx, workshop in enumerate(env.scenario.world.workshop_indices):\n    if workshop == item_index:\n      workshop_index = idx\n      break\n\n  if workshop_index is None:\n    return []\n\n  # Determine the position of the workshop on the grid\n  grid = env._current_state.grid\n  workshop_pos = None\n  for y in range(grid.shape[0]):\n    for x in range(grid.shape[1]):\n      if grid[y, x, workshop_index] == 1:\n        workshop_pos = (x, y)\n        break\n    if workshop_pos:\n      break\n\n  if workshop_pos is None:\n    return []\n\n  # Calculate the direction to face the workshop\n  current_pos = env._current_state.pos\n  dx = workshop_pos[0] - current_pos[0]\n  dy = workshop_pos[1] - current_pos[1]\n\n  # Move towards the workshop\n  actions = []\n  while dx != 0 or dy != 0:\n    if dx > 0:\n      actions.append(craft.RIGHT)\n      dx -= 1\n    elif dx < 0:\n      actions.append(craft.LEFT)\n      dx += 1\n    elif dy > 0:\n      actions.append(craft.DOWN)\n      dy -= 1\n    elif dy < 0:\n      actions.append(craft.UP)\n      dy += 1\n\n  # Face the workshop and use it\n  actions.append(craft.USE)\n\n  return actions", "island_id": 4, "scores": {"3": -1}}
{"timestamp": "2025-09-12T13:47:13.203130", "function_name": "craft", "function_body": "  return []", "island_id": 4, "scores": {"3": 0.0}}
{"timestamp": "2025-09-12T13:47:16.345343", "function_name": "craft", "function_body": "  return []  ", "island_id": 9, "scores": {"3": 0.0}}
{"timestamp": "2025-09-12T13:47:18.980062", "function_name": "craft", "function_body": "  return []  ", "island_id": 9, "scores": {"3": 0.0}}
{"timestamp": "2025-09-12T13:47:21.955128", "function_name": "craft", "function_body": "  return []", "island_id": 4, "scores": {"3": 0.0}}
{"timestamp": "2025-09-12T13:47:24.049268", "function_name": "craft", "function_body": "  return []", "island_id": 4, "scores": {"3": 0.0}}
{"timestamp": "2025-09-12T13:47:26.951422", "function_name": "craft", "function_body": "  return []", "island_id": 0, "scores": {"3": 0.0}}
{"timestamp": "2025-09-12T13:47:29.143941", "function_name": "craft", "function_body": "  return []", "island_id": 0, "scores": {"3": 0.0}}
{"timestamp": "2025-09-12T13:47:31.930059", "function_name": "craft", "function_body": "  return []", "island_id": 6, "scores": {"3": 0.0}}
{"timestamp": "2025-09-12T13:47:34.007045", "function_name": "craft", "function_body": "  return []", "island_id": 6, "scores": {"3": 0.0}}
{"timestamp": "2025-09-12T13:47:37.095493", "function_name": "craft", "function_body": "  return [] ", "island_id": 4, "scores": {"3": 0.0}}
{"timestamp": "2025-09-12T13:47:39.197677", "function_name": "craft", "function_body": "  return [] ", "island_id": 4, "scores": {"3": 0.0}}
{"timestamp": "2025-09-12T13:47:42.050399", "function_name": "craft", "function_body": "  return []", "island_id": 4, "scores": {"3": 0.0}}
{"timestamp": "2025-09-12T13:47:44.066553", "function_name": "craft", "function_body": "  return []", "island_id": 4, "scores": {"3": 0.0}}
{"timestamp": "2025-09-12T13:47:46.808325", "function_name": "craft", "function_body": "  return []", "island_id": 9, "scores": {"3": 0.0}}
{"timestamp": "2025-09-12T13:47:48.817339", "function_name": "craft", "function_body": "  return []", "island_id": 9, "scores": {"3": 0.0}}
{"timestamp": "2025-09-12T13:47:51.541743", "function_name": "craft", "function_body": "  return []", "island_id": 1, "scores": {"3": 0.0}}
{"timestamp": "2025-09-12T13:47:53.523374", "function_name": "craft", "function_body": "  return []", "island_id": 1, "scores": {"3": 0.0}}
{"timestamp": "2025-09-12T13:47:56.368742", "function_name": "craft", "function_body": "  return []", "island_id": 1, "scores": {"3": 0.0}}
{"timestamp": "2025-09-12T13:47:58.665995", "function_name": "craft", "function_body": "  return []", "island_id": 1, "scores": {"3": 0.0}}
{"timestamp": "2025-09-12T13:48:04.949002", "function_name": "craft", "function_body": "  return []", "island_id": 1, "scores": {"3": 0.0}}
{"timestamp": "2025-09-12T13:48:07.100059", "function_name": "craft", "function_body": "  recipe = get_recipe(env, item)\n\n  if recipe is None:\n    return []\n  \n  if all([has_primitive(env, primitive) for primitive in recipe]):\n    if go_to_workshop(env, recipe[\"workshop\"]):\n      return [USE]\n    else:\n      return []\n  else:\n    return []", "island_id": 1, "scores": {"3": -1}}
{"timestamp": "2025-09-12T13:48:24.718330", "function_name": "craft", "function_body": "  return []", "island_id": 2, "scores": {"3": 0.0}}
{"timestamp": "2025-09-12T13:48:26.673406", "function_name": "craft", "function_body": "  # Get the index of the item to craft\n  item_idx = env.scenario.world.cookbook.index.index(item)\n\n  # Check if the item can be crafted\n  if item_idx not in env.scenario.world.cookbook.recipes:\n    return []\n\n  # Get the recipe for the item\n  recipe = env.scenario.world.cookbook.recipes[item_idx]\n\n  # Check if we have all the ingredients\n  for ingredient, count in recipe.items():\n    if ingredient in env.scenario.world.cookbook.index.contents:\n      ingredient_idx = env.sc\n      if env._current_state.inventory[ingredient_idx] < count:\n        return []\n\n  # Get the workshop for the item\n  workshop_idx = recipe[\"_key\"]\n  if workshop_idx not in env.scenario.world.workshop_indices:\n    return []\n\n  # Move to the workshop\n  workshop_pos = np.where(env._current_state.grid[:, :, workshop_idx] > 0)\n  if len(workshop_pos[0]) == 0:\n    return []\n\n  workshop_pos = (workshop_pos[0][0], workshop_pos[1][0])\n  actions = move_to(env, workshop_pos)\n\n  # Use the workshop to craft the item\n  actions.append(env.action_specs()[USE])\n\n  return actions", "island_id": 2, "scores": {"3": -1}}
{"timestamp": "2025-09-12T13:48:29.410070", "function_name": "craft", "function_body": "  return []", "island_id": 5, "scores": {"3": 0.0}}
{"timestamp": "2025-09-12T13:48:31.451172", "function_name": "craft", "function_body": "  return []", "island_id": 5, "scores": {"3": 0.0}}
{"timestamp": "2025-09-12T13:48:34.279832", "function_name": "craft", "function_body": "  return []", "island_id": 9, "scores": {"3": 0.0}}
{"timestamp": "2025-09-12T13:48:36.298410", "function_name": "craft", "function_body": "  return []", "island_id": 9, "scores": {"3": 0.0}}
{"timestamp": "2025-09-12T13:48:39.021686", "function_name": "craft", "function_body": "  return []", "island_id": 3, "scores": {"3": 0.0}}
{"timestamp": "2025-09-12T13:48:41.037257", "function_name": "craft", "function_body": "  return []", "island_id": 3, "scores": {"3": 0.0}}
{"timestamp": "2025-09-12T13:48:44.191136", "function_name": "craft", "function_body": "  return []", "island_id": 6, "scores": {"3": 0.0}}
{"timestamp": "2025-09-12T13:48:46.211161", "function_name": "craft", "function_body": "  return []", "island_id": 6, "scores": {"3": 0.0}}
{"timestamp": "2025-09-12T13:48:49.172286", "function_name": "craft", "function_body": "  return [] ", "island_id": 4, "scores": {"3": 0.0}}
{"timestamp": "2025-09-12T13:48:51.199968", "function_name": "craft", "function_body": "  return []", "island_id": 4, "scores": {"3": 0.0}}
{"timestamp": "2025-09-12T13:49:10.422268", "function_name": "craft", "function_body": "  # Get the index of the item in the environment's cookbook\n  item_index = env.world.cookbook.index.index(item)\n  # Get the required ingredients and their counts to craft the item\n  required_ingredients = env.world.cookbook.recipes[item_index]\n  # Check if we have all the required ingredients in the inventory\n  inventory = env._current_state.inventory\n  for ingredient, count in required_ingredients.items():\n    if inventory[ingredient] < count:\n      # If we don't have enough of any ingredient, return an empty list of actions\n      return []\n  # If we have all the required ingredients, find the location of the workshop where the item can be crafted\n  workshop_index = env.world.cookbook.recipes[item_index][\"_key\"]\n  workshop_location = find_workshop(env, workshop_index)\n  if workshop_location is None:\n    # If the workshop is not found, return an empty list of actions\n    return []\n  # Move to the workshop location\n  actions_to_move = move_to(env, workshop_location)\n  if not actions_to_move:\n    # If movement is not possible, return an empty list of actions\n    return []\n  # Perform the USE action to craft the item\n  return actions_to_move + [env.action_specs()[env.CraftWorld.USE]]", "island_id": 8, "scores": {"3": -1}}
{"timestamp": "2025-09-12T13:49:12.443102", "function_name": "craft", "function_body": "  return []", "island_id": 8, "scores": {"3": 0.0}}
{"timestamp": "2025-09-12T13:49:15.222857", "function_name": "craft", "function_body": "  return []", "island_id": 9, "scores": {"3": 0.0}}
{"timestamp": "2025-09-12T13:49:17.293859", "function_name": "craft", "function_body": "  return []", "island_id": 9, "scores": {"3": 0.0}}
{"timestamp": "2025-09-12T13:49:20.281332", "function_name": "craft", "function_body": "  return []", "island_id": 3, "scores": {"3": 0.0}}
{"timestamp": "2025-09-12T13:49:22.363065", "function_name": "craft", "function_body": "  return []", "island_id": 3, "scores": {"3": 0.0}}
{"timestamp": "2025-09-12T13:49:25.116644", "function_name": "craft", "function_body": "  return []", "island_id": 1, "scores": {"3": 0.0}}
{"timestamp": "2025-09-12T13:49:27.131747", "function_name": "craft", "function_body": "  return []", "island_id": 1, "scores": {"3": 0.0}}
{"timestamp": "2025-09-12T13:50:11.628884", "function_name": "craft", "function_body": "  return []", "island_id": 2, "scores": {"3": 0.0}}
{"timestamp": "2025-09-12T13:50:13.631497", "function_name": "craft", "function_body": "  return []", "island_id": 2, "scores": {"3": 0.0}}
{"timestamp": "2025-09-12T13:50:16.486427", "function_name": "craft", "function_body": "  return []", "island_id": 1, "scores": {"3": 0.0}}
{"timestamp": "2025-09-12T13:50:18.495542", "function_name": "craft", "function_body": "  return []", "island_id": 1, "scores": {"3": 0.0}}
{"timestamp": "2025-09-12T13:50:21.239498", "function_name": "craft", "function_body": "  return []", "island_id": 8, "scores": {"3": 0.0}}
{"timestamp": "2025-09-12T13:50:23.223916", "function_name": "craft", "function_body": "  return []", "island_id": 8, "scores": {"3": 0.0}}
{"timestamp": "2025-09-12T13:50:25.981208", "function_name": "craft", "function_body": "  return []", "island_id": 5, "scores": {"3": 0.0}}
{"timestamp": "2025-09-12T13:50:28.123804", "function_name": "craft", "function_body": "  return []", "island_id": 5, "scores": {"3": 0.0}}
{"timestamp": "2025-09-12T13:50:31.041527", "function_name": "craft", "function_body": "  return []", "island_id": 3, "scores": {"3": 0.0}}
{"timestamp": "2025-09-12T13:50:33.060138", "function_name": "craft", "function_body": "  return []", "island_id": 3, "scores": {"3": 0.0}}
{"timestamp": "2025-09-12T13:50:35.981902", "function_name": "craft", "function_body": "  return []", "island_id": 2, "scores": {"3": 0.0}}
{"timestamp": "2025-09-12T13:50:37.969823", "function_name": "craft", "function_body": "  return []", "island_id": 2, "scores": {"3": 0.0}}
{"timestamp": "2025-09-12T13:50:40.897133", "function_name": "craft", "function_body": "  return []", "island_id": 4, "scores": {"3": 0.0}}
{"timestamp": "2025-09-12T13:50:42.874356", "function_name": "craft", "function_body": "  return []", "island_id": 4, "scores": {"3": 0.0}}
{"timestamp": "2025-09-12T13:50:47.043687", "function_name": "craft", "function_body": "  return []", "island_id": 6, "scores": {"3": 0.0}}
{"timestamp": "2025-09-12T13:50:49.467963", "function_name": "craft", "function_body": "  return []", "island_id": 6, "scores": {"3": 0.0}}
{"timestamp": "2025-09-12T13:50:52.242821", "function_name": "craft", "function_body": "  return []", "island_id": 9, "scores": {"3": 0.0}}
{"timestamp": "2025-09-12T13:50:54.253945", "function_name": "craft", "function_body": "  return []", "island_id": 9, "scores": {"3": 0.0}}
{"timestamp": "2025-09-12T13:52:10.252109", "function_name": "craft", "function_body": "  # We will use the following function to get the recipe for the item.\n  # The function returns a dictionary mapping item indices to counts.\n  # For example, to get the recipe for the item 'AXE', we can call:\n  #   recipe = env.world.cookbook.primitives_for(env.world.cookbook.index.index('AXE'))\n  # The dictionary will contain the indices of the required items and their counts.\n  # For example, the recipe for 'AXE' is {'WOOD': 2, 'STONE': 1, 'WORKSHOP0': 1}\n  recipe = env.world.cookbook.primitives_for(env.world.cookbook.index.index(item))\n\n  # We need to check if we have all the required items.\n  # We can get the inventory of the agent by calling:\n  #   inventory = env._current_state.inventory\n  # The inventory is a numpy array of length n_kinds, where each element is the count of the corresponding item.\n  # For example, inventory[env.world.cookbook.index.index('WOOD')] gives the number of WOOD items in the inventory.\n  inventory = env._current_state.inventory\n\n  # We need to check if all the required items are present in the inventory in the required counts.\n  # For example, for the recipe {'WOOD': 2, 'STONE': 1, 'WORKSHOP0': 1}, we need to check if\n  # inventory[env.world.cookbook.index.index('WOOD')] >= 2,\n  # inventory[env.world.cookbook.index.index('STONE')] >= 1, and\n  # inventory[env.world.cookbook.index.index('WORKSHOP0')] >= 1.\n  # If any of these conditions is not met, we return an empty list.\n  for ingredient, count in recipe.items():\n    if inventory[ingredient] < count:\n      return []\n\n  # We need to find the position of the workshop where the item can be crafted.\n  # The workshop index is stored in the recipe as the key '_key'.\n  # For example, for the recipe {'WOOD': 2, 'STONE': 1, '_key': 'WORKSHOP0'}, the workshop index is 'WORKSHOP0'.\n  workshop_index = recipe.get('_key')\n\n  # We need to find the position of the workshop in the grid.\n  # We can get the grid by calling:\n  #   grid = env._current_state.grid\n  # The grid is a numpy array of shape (WIDTH, HEIGHT, n_kinds), where each element is 1 if the cell contains the corresponding item, and 0 otherwise.\n  # For example, grid[x][y][env.world.cookbook.index.index('WORKSHOP0')] gives 1 if the cell (x, y) contains a WORKSHOP0, and 0 otherwise.\n  grid = env._current_state.grid\n\n  # We need to find the position (x, y) of the workshop in the grid.\n  # We can loop over all cells in the grid and check if the cell contains the workshop.\n  # For example:\n  #   for x in range(grid.shape[0]):\n  #     for y in range(grid.shape[1]):\n  #       if grid[x][y][env.world.cookbook.index.index('WORKSHOP0')] == 1:\n  #         workshop_position = (x, y)\n  #         break\n  #   break\n  # Once we find the workshop position, we can move to it and perform the USE action.\n  workshop_position = None\n  for x in range(grid.shape[0]):\n    for y in range(grid.shape[1]):\n      if grid[x][y][workshop_index] == 1:\n        workshop_position = (x, y)\n        break\n    if workshop_position is not None:\n      break\n\n  # We need to move to the workshop position.\n  # We can use the move function to move in the required direction.\n  # The move function takes a direction as an argument and returns the corresponding action.\n  # For example, to move up, we can call move(UP).\n  # The directions are defined as constants in the env module.\n  # For example, UP = 1.\n  # We can calculate the direction to move by comparing the current position with the workshop position.\n  # For example, if the current position is (x, y) and the workshop position is (x, y+1), we need to move up.\n  current_position = env._current_state.pos\n  x, y = current_position\n  target_x, target_y = workshop_position\n\n  # We can move in the required direction by calling the move function.\n  # The move function takes a direction as an argument and returns the corresponding action.\n  # For example, to move up, we can call move(UP).\n  # The directions are defined as constants in the env module.\n  # For example, UP = 1.\n  # We can calculate the direction to move by comparing the current position with the workshop position.\n  # For example, if the current position is (x, y) and the workshop position is (x, y+1), we need to move up.\n  actions = []\n  while x != target_x or y != target_y:\n    if x < target_x:\n      actions.append(env.action_specs()['RIGHT'])\n      x += 1\n    elif x > target_x:\n      actions.append(env.action_specs()['LEFT'])\n      x -= 1\n    elif y < target_y:\n      actions.append(env.action_specs()['DOWN'])\n      y += 1\n    elif y > target_y:\n      actions.append(env.action_specs()['UP'])\n      y -= 1\n\n  # Once we reach the workshop, we perform the USE action.\n  actions.append(env.action_specs()['USE'])\n\n  return actions", "island_id": 1, "scores": {"3": -1}}
{"timestamp": "2025-09-12T13:52:12.224996", "function_name": "craft", "function_body": "  return []", "island_id": 1, "scores": {"3": 0.0}}
{"timestamp": "2025-09-12T13:52:14.993866", "function_name": "craft", "function_body": "  return []", "island_id": 2, "scores": {"3": 0.0}}
{"timestamp": "2025-09-12T13:52:17.048319", "function_name": "craft", "function_body": "  return []", "island_id": 2, "scores": {"3": 0.0}}
{"timestamp": "2025-09-12T13:52:19.803998", "function_name": "craft", "function_body": "  return []", "island_id": 0, "scores": {"3": 0.0}}
{"timestamp": "2025-09-12T14:02:00.741186", "function_name": "craft", "function_body": "  return []", "island_id": 0, "scores": {"3": 0.0}}
{"timestamp": "2025-09-12T15:02:07.770412", "function_name": "craft", "function_body": "", "island_id": 0, "scores": {"3": -1}}
{"timestamp": "2025-09-12T15:02:09.776393", "function_name": "craft", "function_body": "  return []", "island_id": 0, "scores": {"3": 0.0}}
{"timestamp": "2025-09-12T15:02:12.773134", "function_name": "craft", "function_body": "  return []", "island_id": 9, "scores": {"3": 0.0}}
{"timestamp": "2025-09-12T15:02:14.807043", "function_name": "craft", "function_body": "  return []  ", "island_id": 9, "scores": {"3": 0.0}}
{"timestamp": "2025-09-12T15:02:17.615342", "function_name": "craft", "function_body": "  return []", "island_id": 0, "scores": {"3": 0.0}}
{"timestamp": "2025-09-12T15:02:19.612943", "function_name": "craft", "function_body": "  return []", "island_id": 0, "scores": {"3": 0.0}}
{"timestamp": "2025-09-12T15:02:49.262198", "function_name": "craft", "function_body": "  return []", "island_id": 9, "scores": {"3": 0.0}}
{"timestamp": "2025-09-12T15:02:51.157603", "function_name": "craft", "function_body": "  # Get the index of the item in the cookbook's index\n  index = env.world.cookbook.index\n  i_item = index.index(item)\n  if i_item is None:\n    return []  # Item not found in the index\n\n  # Check if the item can be crafted and get the required ingredients\n  primitives = env.world.cookbook.primitives_for(i_item)\n  if not primitives:\n    return []  # No recipe found for the item\n\n  # Check if all required primitives are available in the inventory\n  inventory = env._current_state.inventory\n  for i_primitive, count in primitives.items():\n    if inventory[i_primitive] < count:\n      return []  # Not enough of a required primitive\n\n  # Determine the workshop required for the recipe\n  workshop_indices = env.world.workshop_indices\n  if not workshop_indices:\n    return []  # No workshop available\n\n  workshop_index = workshop_indices[0]  # Assuming the first workshop is the correct one\n\n  # Check if the agent is already at the workshop\n  current_pos = env._current_state.pos\n  workshop_pos = find_workshop_position(env, workshop_index)\n  if workshop_pos is None:\n    return []  # Workshop not found in the grid\n\n  if current_pos == workshop_pos:\n    # Agent is already at the workshop, perform the craft action\n    return [craft.env.ACTIONS['USE']]\n  else:\n    # Move to the workshop\n    actions = navigate_to_position(env, workshop_pos)\n    if not actions:\n      return []  # Could not find a path to the workshop\n    # Add the use action to craft the item\n    actions.append(craft.env.ACTIONS['USE'])\n    return actions", "island_id": 9, "scores": {"3": -1}}
{"timestamp": "2025-09-12T15:02:53.999376", "function_name": "craft", "function_body": "  return []", "island_id": 2, "scores": {"3": 0.0}}
{"timestamp": "2025-09-12T15:02:56.000440", "function_name": "craft", "function_body": "  return []", "island_id": 2, "scores": {"3": 0.0}}
{"timestamp": "2025-09-12T15:03:27.265458", "function_name": "craft", "function_body": "  return [] ", "island_id": 4, "scores": {"3": 0.0}}
{"timestamp": "2025-09-12T15:03:29.178574", "function_name": "craft", "function_body": "  # Get the index of the item in the cookbook\n  cookbook = env.world.cookbook\n  item_index = cookbook.index.index(item)\n  item_recipe = cookbook.recipes.get(item_index)\n  if not item_recipe:\n    return []  # Cannot craft this item\n\n  # Check if all required ingredients are present in inventory\n  inventory = env._current_state.inventory\n  required_ingredients = item_recipe\n  for ingredient_idx, count in required_ingredients.items():\n    if inventory[ingredient_idx] < count:\n      return []  # Not enough of this ingredient\n\n  # Move to the workshop location specified in the recipe\n  workshop_idx = item_recipe.get(\"_key\")\n  if not workshop_idx:\n    return []  # No workshop specified for this item\n\n  workshop_name = cookbook.index.get(workshop_idx)\n  workshop_index = cookbook.index.index(workshop_name)\n  workshop_positions = np.argwhere(env._current_state.grid[..., workshop_index] > 0)\n  if len(workshop_positions) == 0:\n    return []  # Workshop not found in the grid\n\n  workshop_pos = workshop_positions[0]\n  current_pos = env._current_state.pos\n  dir_to_workshop = get_direction(current_pos, workshop_pos)\n  if dir_to_workshop is None:\n    return []  # Workshop not in adjacent cells\n\n  # Move towards the workshop\n  actions = []\n  while env._current_state.pos != workshop_pos:\n    actions.append(dir_to_workshop)\n    reward, done, observations = env.step(dir_to_workshop)\n    if done:\n      return actions\n    # Update current state\n    env._current_state = observations['features_dict']['state']\n\n  # Once at the workshop, perform the USE action to craft the item\n  actions.append(env.action_specs()[craft.ACTION_USE])\n  return actions", "island_id": 4, "scores": {"3": -1}}
{"timestamp": "2025-09-12T15:03:32.137700", "function_name": "craft", "function_body": "  return []", "island_id": 9, "scores": {"3": 0.0}}
{"timestamp": "2025-09-12T15:03:34.164295", "function_name": "craft", "function_body": "  return []", "island_id": 9, "scores": {"3": 0.0}}
{"timestamp": "2025-09-12T15:03:37.089811", "function_name": "craft", "function_body": "  return []", "island_id": 1, "scores": {"3": 0.0}}
{"timestamp": "2025-09-12T15:03:39.083315", "function_name": "craft", "function_body": "  return []", "island_id": 1, "scores": {"3": 0.0}}
{"timestamp": "2025-09-12T15:03:49.901554", "function_name": "craft", "function_body": "  return []", "island_id": 0, "scores": {"3": 0.0}}
{"timestamp": "2025-09-12T15:03:51.782022", "function_name": "craft", "function_body": "  workshop = workshop_index(env, item)\n  if workshop is None:\n    return []  # No workshop available for the item\n\n  workshop_actions = navigate_to_workshop(env, workshop)\n  if not workshop_actions:\n    return []\n\n  required_items = get_required_items(env, item)\n  if not required_items:\n    return []\n\n  collect_actions = collect_required_items(env, required_items)\n  if not collect_actions:\n    return []\n\n  final_actions = workshop_actions + collect_actions + [USE]\n  return final_actions", "island_id": 0, "scores": {"3": -1}}
{"timestamp": "2025-09-12T15:03:54.666459", "function_name": "craft", "function_body": "  return []", "island_id": 9, "scores": {"3": 0.0}}
{"timestamp": "2025-09-12T15:03:56.672361", "function_name": "craft", "function_body": "  return []", "island_id": 9, "scores": {"3": 0.0}}
{"timestamp": "2025-09-12T15:03:59.562990", "function_name": "craft", "function_body": "  return []", "island_id": 5, "scores": {"3": 0.0}}
{"timestamp": "2025-09-12T15:04:01.566277", "function_name": "craft", "function_body": "  return []", "island_id": 5, "scores": {"3": 0.0}}
{"timestamp": "2025-09-12T15:04:04.392431", "function_name": "craft", "function_body": "  return []", "island_id": 9, "scores": {"3": 0.0}}
{"timestamp": "2025-09-12T15:04:06.398680", "function_name": "craft", "function_body": "  return []", "island_id": 9, "scores": {"3": 0.0}}
{"timestamp": "2025-09-12T15:04:09.228738", "function_name": "craft", "function_body": "  return []", "island_id": 9, "scores": {"3": 0.0}}
{"timestamp": "2025-09-12T15:04:11.292020", "function_name": "craft", "function_body": "  return []", "island_id": 9, "scores": {"3": 0.0}}
{"timestamp": "2025-09-12T15:04:14.270505", "function_name": "craft", "function_body": "  return []", "island_id": 5, "scores": {"3": 0.0}}
{"timestamp": "2025-09-12T15:04:16.265925", "function_name": "craft", "function_body": "  return []", "island_id": 5, "scores": {"3": 0.0}}
{"timestamp": "2025-09-12T15:04:19.201146", "function_name": "craft", "function_body": "  return []", "island_id": 0, "scores": {"3": 0.0}}
{"timestamp": "2025-09-12T15:04:21.219198", "function_name": "craft", "function_body": "  return []", "island_id": 0, "scores": {"3": 0.0}}
{"timestamp": "2025-09-12T15:04:24.718437", "function_name": "craft", "function_body": "  return []", "island_id": 6, "scores": {"3": 0.0}}
{"timestamp": "2025-09-12T15:04:26.777128", "function_name": "craft", "function_body": "  return []", "island_id": 6, "scores": {"3": 0.0}}
{"timestamp": "2025-09-12T15:04:29.778323", "function_name": "craft", "function_body": "  return []", "island_id": 1, "scores": {"3": 0.0}}
{"timestamp": "2025-09-12T15:04:31.761227", "function_name": "craft", "function_body": "  return []", "island_id": 1, "scores": {"3": 0.0}}
{"timestamp": "2025-09-12T15:04:34.859650", "function_name": "craft", "function_body": "  return []  ", "island_id": 5, "scores": {"3": 0.0}}
{"timestamp": "2025-09-12T15:04:36.856279", "function_name": "craft", "function_body": "  return []  ", "island_id": 5, "scores": {"3": 0.0}}
{"timestamp": "2025-09-12T15:04:39.818911", "function_name": "craft", "function_body": "  return []", "island_id": 2, "scores": {"3": 0.0}}
{"timestamp": "2025-09-12T15:04:41.847215", "function_name": "craft", "function_body": "  return []", "island_id": 2, "scores": {"3": 0.0}}
{"timestamp": "2025-09-12T15:04:44.819265", "function_name": "craft", "function_body": "  return []", "island_id": 2, "scores": {"3": 0.0}}
{"timestamp": "2025-09-12T15:04:46.887773", "function_name": "craft", "function_body": "  return []  ", "island_id": 2, "scores": {"3": 0.0}}
{"timestamp": "2025-09-12T15:04:54.767489", "function_name": "craft", "function_body": "  # Step 1: Check if the item is a primitive. If yes, collect it.\n  # Step 2: If the item is not a primitive, recursively craft the required items first.\n  # Step 3: Once all required items are in inventory, go to the corresponding workshop and use the USE action to craft.\n\n  return []", "island_id": 4, "scores": {"3": 0.0}}
{"timestamp": "2025-09-12T15:04:56.798064", "function_name": "craft", "function_body": "  return []", "island_id": 4, "scores": {"3": 0.0}}
{"timestamp": "2025-09-12T15:04:59.745846", "function_name": "craft", "function_body": "  return []", "island_id": 4, "scores": {"3": 0.0}}
{"timestamp": "2025-09-12T15:05:01.785118", "function_name": "craft", "function_body": "  return []", "island_id": 4, "scores": {"3": 0.0}}
{"timestamp": "2025-09-12T15:05:04.606875", "function_name": "craft", "function_body": "  return []", "island_id": 0, "scores": {"3": 0.0}}
{"timestamp": "2025-09-12T15:05:06.629420", "function_name": "craft", "function_body": "  return []", "island_id": 0, "scores": {"3": 0.0}}
{"timestamp": "2025-09-12T15:05:11.735601", "function_name": "craft", "function_body": "  actions = []\n  if env._current_state.next_to(env.world.cookbook.index.index(item)):\n    actions.append(craft.CRAFT_FUNC)\n  return actions", "island_id": 5, "scores": {"3": 0.0}}
{"timestamp": "2025-09-12T15:05:13.751102", "function_name": "craft", "function_body": "  return []", "island_id": 5, "scores": {"3": 0.0}}
{"timestamp": "2025-09-12T15:05:20.820586", "function_name": "craft", "function_body": "  return []", "island_id": 5, "scores": {"3": 0.0}}
{"timestamp": "2025-09-12T15:05:22.703822", "function_name": "craft", "function_body": "  actions = []\n  if env._current_state.next_to(env.world.cookbook.index.index(item)):\n    actions.append(craft.CRAFT_FUNC)\n  else:\n    for i in range(1, 10):\n      actions.append(craft.MOVE_FUNC)\n  return actions", "island_id": 5, "scores": {"3": -1}}
{"timestamp": "2025-09-12T15:05:25.575996", "function_name": "craft", "function_body": "  return []", "island_id": 1, "scores": {"3": 0.0}}
{"timestamp": "2025-09-12T15:05:27.580068", "function_name": "craft", "function_body": "  return []", "island_id": 1, "scores": {"3": 0.0}}
{"timestamp": "2025-09-12T15:05:30.653494", "function_name": "craft", "function_body": "  return []  ", "island_id": 6, "scores": {"3": 0.0}}
{"timestamp": "2025-09-12T15:05:32.633677", "function_name": "craft", "function_body": "  return []", "island_id": 6, "scores": {"3": 0.0}}
{"timestamp": "2025-09-12T15:05:35.556727", "function_name": "craft", "function_body": "  return []", "island_id": 2, "scores": {"3": 0.0}}
{"timestamp": "2025-09-12T15:05:37.568103", "function_name": "craft", "function_body": "  return []  ", "island_id": 2, "scores": {"3": 0.0}}
{"timestamp": "2025-09-12T15:05:40.327127", "function_name": "craft", "function_body": "  return []", "island_id": 3, "scores": {"3": 0.0}}
{"timestamp": "2025-09-12T15:05:42.314227", "function_name": "craft", "function_body": "  return []", "island_id": 3, "scores": {"3": 0.0}}
{"timestamp": "2025-09-12T15:06:26.548307", "function_name": "craft", "function_body": "  return []", "island_id": 7, "scores": {"3": 0.0}}
{"timestamp": "2025-09-12T15:06:28.428934", "function_name": "craft", "function_body": "  # Get the index of the item\n  item_index = env.scenario.world.cookbook.index.index(item)\n  print(f\"item_index: {item_index}\")\n\n  # Check if the item is a primitive\n  if item_index in env.scenario.world.cookbook.primitives:\n      print(f\"{item} is a primitive. Collect it directly.\")\n      # Find the item in the grid\n      grid = env._current_state.grid\n      grid_shape = grid.shape\n      for x in range(grid_shape[0]):\n          for y in range(grid_shape[1]):\n              if grid[x, y, item_index] > 0:\n                  print(f\"Found {item} at position ({x}, {y})\")\n                  # Move to the position and collect\n                  actions = []\n                  current_pos = env._current_state.pos\n                  # Move to x, y\n                  dx = x - current_pos[0]\n                  dy = y - current_pos[1]\n                  for _ in range(abs(dx)):\n                      if dx > 0:\n                          actions.append(env.action_specs()['RIGHT'])\n                      else:\n                          actions.append(env.action_specs()['LEFT'])\n                  for _ in range(abs(dy)):\n                      if dy > 0:\n                          actions.append(env.action_specs()['DOWN'])\n                      else:\n                          actions.append(env._current_state.env.action_specs()['UP'])\n                  # Collect the item\n                  actions.append(env.action_specs()['USE'])\n                  return actions\n      # If not found, return empty\n      return []\n\n  # Get the recipe for the item\n  recipe = env.scenario.world.cookbook.recipes.get(item_index, None)\n  if recipe is None:\n      print(f\"No recipe found for {item}.\")\n      return []\n\n  # Check if we have all the required ingredients\n  for ingredient, count in recipe.items():\n      if ingredient == '_key':\n          continue\n      if env._current_state.inventory[ingredient] < count:\n          print(f\"Missing ingredient {ingredient} with count {count}.\")\n          return []\n\n  # Find the workshop for the item\n  workshop_key = recipe.get('_key', None)\n  if workshop_key is None:\n      print(f\"No workshop specified for {item}.\")\n      return []\n  workshop_index = env.scenario.world.cookbook.index.index(workshop_key)\n  print(f\"Workshop index for {item}: {workshop_index}\")\n\n  # Find the workshop in the grid\n  grid = env._current_state.grid\n  grid_shape = grid.shape\n  for x in range(grid_shape[0]):\n      for y in range(grid_shape[1]):\n          if grid[x, y, workshop_index] > 0:\n              print(f\"Found {workshop_key} at position ({x}, {y})\")\n              # Move to the position and craft\n              actions = []\n              current_pos = env._current_state.pos\n              # Move to x, y\n              dx = x - current_pos[0]\n              dy = y - current_pos[1]\n              for _ in range(abs(dx)):\n                  if dx > 0:\n                      actions.append(env.action_specs()['RIGHT'])\n                  else:\n                      actions.append(env.action_specs()['LEFT'])\n              for _ in range(abs(dy)):\n                  if dy > 0:\n                      actions.append(env.action_specs()['DOWN'])\n                  else:\n                      actions.append(env.action_specs()['UP'])\n              # Craft the item\n              actions.append(env.action_specs()['USE'])\n              return actions\n\n  # If workshop not found, return empty\n  print(f\"No {workshop_key} found in the grid.\")\n  return []", "island_id": 7, "scores": {"3": -1}}
{"timestamp": "2025-09-12T15:06:37.327197", "function_name": "craft", "function_body": "  return []", "island_id": 3, "scores": {"3": 0.0}}
{"timestamp": "2025-09-12T15:06:39.310910", "function_name": "craft", "function_body": "  # Step 1: Check if the item has a recipe. If not, return empty list.\n  # Step 2: Get the recipe for the item.\n  # Step 3: Check if all the ingredients are present in the inventory. If not, return empty list.\n  # Step 4: Find the workshop where the item can be crafted.\n  # Step 5: Move to the workshop.\n  # Step 6: Use the workshop to craft the item.\n  # Step 7: Return the list of actions.\n  return []", "island_id": 3, "scores": {"3": 0.0}}
{"timestamp": "2025-09-12T15:06:42.109167", "function_name": "craft", "function_body": "  return []", "island_id": 4, "scores": {"3": 0.0}}
{"timestamp": "2025-09-12T15:06:44.102277", "function_name": "craft", "function_body": "  return []", "island_id": 4, "scores": {"3": 0.0}}
{"timestamp": "2025-09-12T15:06:46.906350", "function_name": "craft", "function_body": "  return []", "island_id": 4, "scores": {"3": 0.0}}
{"timestamp": "2025-09-12T15:06:48.892216", "function_name": "craft", "function_body": "  return []", "island_id": 4, "scores": {"3": 0.0}}
{"timestamp": "2025-09-12T15:07:17.643358", "function_name": "craft", "function_body": "  return []", "island_id": 4, "scores": {"3": 0.0}}
{"timestamp": "2025-09-12T15:07:19.535610", "function_name": "craft", "function_body": "  def get_required_primitives(item_index):\n    return env._current_state.world.cookbook.primitives_for(item_index)\n\n  def is_at_workshop(recipe):\n    workshop_index = recipe[\"_key\"]\n    return env._current_state.next_to(workshop_index)\n\n  def collect_required_primitive(primitive_index, count):\n    # Need to collect the primitive\n    collect_actions = []\n    for _ in range(count):\n      collect_actions.append(COLLECT_FUNC(primitive_index))\n    return collect_actions\n\n  def move_to_workshop(workshop_index):\n    move_actions = []\n    while not is_at_workshop(recipe):\n      # Move towards the workshop\n      move_actions.append(MOVE_FUNC(RIGHT))  # Placeholder, need to determine actual direction\n    return move_actions\n\n  # Get the index of the item to craft\n  try:\n      item_index = env._current_state.world.cookbook.index.index(item)\n  except ValueError:\n      print(f\"Item '{item}' not found in the cookbook.\")\n      return []\n\n  # Get the recipe for the item\n  recipe = env._current_state.world.cookbook.recipes.get(item_index)\n  if not recipe:\n      print(f\"No recipe found for item '{item}'.\")\n      return []\n\n  # Get the required primitives and their counts\n  required_primitives = get_required_primitives(item_index)\n  if not required_primitives:\n      print(f\"No primitives required for item '{item}'.\")\n      return []\n\n  # Check if all required primitives are in the inventory\n  inventory = env._current_state.inventory\n  missing_primitives = []\n  for primitive_index, required_count in required_primitives.items():\n      if inventory[primitive_index] < required_count:\n          missing_primitives.append((primitive_index, required_count))\n\n  if missing_primitives:\n      # Collect the missing primitives\n      collect_actions = []\n      for primitive_index, count in missing_primitives:\n          collect_actions.extend(collect_required_primitive(primitive_index, count))\n      return collect_actions\n\n  # Move to the workshop if not already there\n  workshop_index = recipe[\"_key\"]\n  if not is_at_workshop(recipe):\n      return move_to_workshop(workshop_index)\n\n  # Craft the item by performing the USE action\n  return [USE_ACTION]", "island_id": 4, "scores": {"3": -1}}
{"timestamp": "2025-09-12T15:07:22.277065", "function_name": "craft", "function_body": "  return []", "island_id": 6, "scores": {"3": 0.0}}
{"timestamp": "2025-09-12T15:07:24.326694", "function_name": "craft", "function_body": "  return []", "island_id": 6, "scores": {"3": 0.0}}
{"timestamp": "2025-09-12T15:07:27.092247", "function_name": "craft", "function_body": "  return []", "island_id": 2, "scores": {"3": 0.0}}
{"timestamp": "2025-09-12T15:07:29.111115", "function_name": "craft", "function_body": "  return []", "island_id": 2, "scores": {"3": 0.0}}
{"timestamp": "2025-09-12T15:07:32.015977", "function_name": "craft", "function_body": "  return [] ", "island_id": 3, "scores": {"3": 0.0}}
{"timestamp": "2025-09-12T15:07:34.082145", "function_name": "craft", "function_body": "  return [] ", "island_id": 3, "scores": {"3": 0.0}}
{"timestamp": "2025-09-12T15:07:37.037590", "function_name": "craft", "function_body": "  return []", "island_id": 0, "scores": {"3": 0.0}}
{"timestamp": "2025-09-12T15:07:39.052272", "function_name": "craft", "function_body": "  return []", "island_id": 0, "scores": {"3": 0.0}}
{"timestamp": "2025-09-12T15:08:03.036507", "function_name": "craft", "function_body": "  actions = []\n  current_state = env._current_state\n  world = current_state.world\n  cookbook = world.cookbook\n  index = cookbook.index\n  item_index = index.index(item)\n  recipe = cookbook.recipes.get(item_index, None)\n  if recipe is None:\n    return []\n  # Check if the agent has all the required ingredients to craft the item\n  required_ingredients = recipe\n  inventory = current_state.inventory\n  for ingredient, count in required_ingredients.items():\n    if ingredient == '_key':\n      continue\n    if inventory[ingredient] < count:\n      return []\n  # Check if the agent is at the correct workshop to craft the item\n  workshop_index = required_ingredients.get('_key', None)\n  if workshop_index is None:\n    return []\n  workshop_name = index.get(workshop_index)\n  # Move to the workshop\n  workshop_pos = None\n  grid = current_state.grid\n  for x in range(grid.shape[0]):\n    for y in range(grid.shape[1]):\n      if grid[x, y, workshop_index] == 1:\n        workshop_pos = (x, y)\n        break\n    if workshop_pos is not None:\n      break\n  if workshop_pos is None:\n    return []\n  # Move to the workshop\n  pos = current_state.pos\n  x, y = pos\n  wx, wy = workshop_pos\n  dx = wx - x\n  dy = wy - y\n  if dx < 0:\n    actions.append(craft.LEFT)\n  elif dx > 0:\n    actions.append(craft.RIGHT)\n  if dy < 0:\n    actions.append(craft.UP)\n  elif dy > 0:\n    actions.append(craft.DOWN)\n  # Use the workshop to craft the item\n  actions.append(craft.USE)\n  return actions", "island_id": 0, "scores": {"3": -1}}
{"timestamp": "2025-09-12T15:08:05.036097", "function_name": "craft", "function_body": "  return []", "island_id": 0, "scores": {"3": 0.0}}
{"timestamp": "2025-09-12T15:08:07.794817", "function_name": "craft", "function_body": "  return []", "island_id": 8, "scores": {"3": 0.0}}
{"timestamp": "2025-09-12T15:08:09.814560", "function_name": "craft", "function_body": "  return []", "island_id": 8, "scores": {"3": 0.0}}
{"timestamp": "2025-09-12T15:08:12.607626", "function_name": "craft", "function_body": "  return []", "island_id": 0, "scores": {"3": 0.0}}
{"timestamp": "2025-09-12T15:08:14.623089", "function_name": "craft", "function_body": "  return []", "island_id": 0, "scores": {"3": 0.0}}
{"timestamp": "2025-09-12T15:08:17.397593", "function_name": "craft", "function_body": "  return []", "island_id": 7, "scores": {"3": 0.0}}
{"timestamp": "2025-09-12T15:08:19.407201", "function_name": "craft", "function_body": "  return []", "island_id": 7, "scores": {"3": 0.0}}
{"timestamp": "2025-09-12T15:08:22.136616", "function_name": "craft", "function_body": "  return []", "island_id": 8, "scores": {"3": 0.0}}
{"timestamp": "2025-09-12T15:08:24.200425", "function_name": "craft", "function_body": "  return []", "island_id": 8, "scores": {"3": 0.0}}
{"timestamp": "2025-09-12T15:08:26.910156", "function_name": "craft", "function_body": "  return []", "island_id": 0, "scores": {"3": 0.0}}
{"timestamp": "2025-09-12T15:08:28.896543", "function_name": "craft", "function_body": "  return []", "island_id": 0, "scores": {"3": 0.0}}
{"timestamp": "2025-09-12T15:08:59.444031", "function_name": "craft", "function_body": "  return []", "island_id": 6, "scores": {"3": 0.0}}
{"timestamp": "2025-09-12T15:09:01.346471", "function_name": "craft", "function_body": "  # Step 1: Check if the item is a primitive. If it is, collect it.\n  item_index = env.scenario.world.cookbook.index.index(item)\n  if item_index in env.scenario.world.cookbook.primitives:\n      # If it's a primitive, collect it directly.\n      return collect(env, item)\n  \n  # Step 2: Get the recipe for the item.\n  recipe = env.scenario.world.cookbook.recipes.get(item_index, {})\n  if not recipe:\n      return []  # No recipe found for the item.\n  \n  # Step 3: Check if all required ingredients are available in inventory.\n  required_ingredients = {k: v for k, v in recipe.items() if k != \"_key\"}\n  inventory = env._current_state.inventory\n  for ingredient, count in required_ingredients.items():\n      if inventory[ingredient] < count:\n          # Need to collect or craft this ingredient.\n          # Assume we can collect it directly if it's a primitive.\n          if ingredient in env.scenario.world.cookbook.primitives:\n              collect_actions = collect(env, env.scenario.world.cookbook.index.get(ingredient))\n              if not collect_actions:\n                  return []  # Failed to collect the ingredient.\n              return collect_actions + craft_v2(env, item)  # Retry after collecting.\n          else:\n              # Need to craft the ingredient first.\n              craft_actions = craft_v2(env, env.scenario.world.cookbook.index.get(ingredient))\n              if not craft_actions:\n                  return []  # Failed to craft the ingredient.\n              return craft_actions + craft_v2(env, item)  # Retry after crafting.\n  \n  # Step 4: Move to the workshop specified in the recipe.\n  workshop_index = recipe.get(\"_key\", None)\n  if workshop_index is None:\n      return []  # No workshop specified for this recipe.\n  \n  workshop_pos = find_workshop_position(env, workshop_index)\n  if not workshop_pos:\n      return []  # Workshop not found.\n  \n  # Step 5: Move to the workshop.\n  move_actions = move_to_position(env, workshop_pos)\n  if not move_actions:\n      return []  # Failed to reach the workshop.\n  \n  # Step 6: Use the workshop to craft the item.\n  return move_actions + [USE]  # Perform the USE action at the workshop.", "island_id": 6, "scores": {"3": -1}}
{"timestamp": "2025-09-12T15:09:04.156983", "function_name": "craft", "function_body": "  return []", "island_id": 6, "scores": {"3": 0.0}}
{"timestamp": "2025-09-12T15:09:06.217572", "function_name": "craft", "function_body": "  return []", "island_id": 6, "scores": {"3": 0.0}}
{"timestamp": "2025-09-12T15:09:08.976839", "function_name": "craft", "function_body": "  return []", "island_id": 3, "scores": {"3": 0.0}}
{"timestamp": "2025-09-12T15:09:10.956261", "function_name": "craft", "function_body": "  return []", "island_id": 3, "scores": {"3": 0.0}}
{"timestamp": "2025-09-12T15:09:13.761672", "function_name": "craft", "function_body": "  return []", "island_id": 4, "scores": {"3": 0.0}}
{"timestamp": "2025-09-12T15:09:15.764036", "function_name": "craft", "function_body": "  return []", "island_id": 4, "scores": {"3": 0.0}}
{"timestamp": "2025-09-12T15:09:54.810324", "function_name": "craft", "function_body": "  def get_workshop_index(recipe_item):\n    # Get the workshop index for the recipe\n    workshop_index = env.world.cookbook.recipes[recipe_item].get('_key', None)\n    if workshop_index is None:\n      workshop_index = 0  # Default to first workshop if not specified\n    return workshop_index\n\n  # Check if the item is a valid goal in the environment\n  if item not in env.world.cookbook.index.reverse_contents:\n    return []\n\n  # Convert the item name to its index\n  item_index = env.world.cookbook.index.index(item)\n\n  # Check if the recipe exists for the item\n  if item_index not in env.world.cookbook.recipes:\n    return []\n\n  recipe = env.world.cookbook.recipes[item_index]\n  if '_key' in recipe:\n    del recipe['_key']\n\n  # Check if all required ingredients are available in inventory\n  current_inventory = env._current_state.inventory.copy()\n  for ingredient, count in recipe.items():\n    if current_inventory[ingredient] < count:\n      return []  # Not all ingredients are available\n\n  # Get the workshop index for the recipe\n  workshop_index = get_workshop_index(item_index)\n\n  # Check if the workshop is present in the environment\n  workshop_name = env.world.cookbook.index.get(workshop_index)\n  if workshop_name not in env.world.cookbook.index.reverse_contents:\n    return []\n\n  # Get the position of the workshop\n  grid = env._current_state.grid\n  workshop_pos = None\n  for x in range(grid.shape[0]):\n    for y in range(grid.shape[1]):\n      if grid[x, y, workshop_index] > 0:\n        workshop_pos = (x, y)\n        break\n    if workshop_pos is not None:\n      break\n\n  if workshop_pos is None:\n    return []  # Workshop not found\n\n  # Calculate the direction to face the workshop\n  current_pos = env._current_state.pos\n  dx = workshop_pos[0] - current_pos[0]\n  dy = workshop_pos[1] - current_pos[1]\n\n  if dx > 0:\n    dir = craft.DOWN\n  elif dx < 0:\n    dir = craft.UP\n  elif dy > 0:\n    dir = craft.RIGHT\n  else:\n    dir = craft.LEFT\n\n  # Move to the workshop position\n  move_actions = []\n  while env._current_state.pos != workshop_pos:\n    action = dir\n    move_actions.append(action)\n    reward, done, observations = env.step(action)\n    if done:\n      return []\n\n  # Face the workshop\n  current_dir = env._current_state.dir\n  target_dir = 0  # Assuming the workshop is to the right\n  if current_dir != target_dir:\n    turn_actions = []\n    while current_dir != target_dir:\n      turn_actions.append(craft.RIGHT)\n      current_dir = (current_dir + 1) % 4\n    move_actions.extend(turn_actions)\n\n  # Use the workshop to craft the item\n  move_actions.append(craft.USE)\n\n  return move_actions", "island_id": 9, "scores": {"3": 0.0}}
{"timestamp": "2025-09-12T15:09:56.791759", "function_name": "craft", "function_body": "  return []  ", "island_id": 9, "scores": {"3": 0.0}}
{"timestamp": "2025-09-12T15:09:59.642427", "function_name": "craft", "function_body": "  return []", "island_id": 7, "scores": {"3": 0.0}}
{"timestamp": "2025-09-12T15:10:01.673171", "function_name": "craft", "function_body": "  return []", "island_id": 7, "scores": {"3": 0.0}}
{"timestamp": "2025-09-12T15:10:04.433212", "function_name": "craft", "function_body": "  return []", "island_id": 8, "scores": {"3": 0.0}}
{"timestamp": "2025-09-12T15:10:06.436080", "function_name": "craft", "function_body": "  return []", "island_id": 8, "scores": {"3": 0.0}}
{"timestamp": "2025-09-12T15:10:09.283966", "function_name": "craft", "function_body": "  return []", "island_id": 4, "scores": {"3": 0.0}}
{"timestamp": "2025-09-12T15:10:11.292653", "function_name": "craft", "function_body": "  return []", "island_id": 4, "scores": {"3": 0.0}}
{"timestamp": "2025-09-12T15:10:14.176881", "function_name": "craft", "function_body": "  return []", "island_id": 9, "scores": {"3": 0.0}}
{"timestamp": "2025-09-12T15:10:16.183426", "function_name": "craft", "function_body": "  return []", "island_id": 9, "scores": {"3": 0.0}}
{"timestamp": "2025-09-12T15:10:19.089204", "function_name": "craft", "function_body": "  return []", "island_id": 3, "scores": {"3": 0.0}}
{"timestamp": "2025-09-12T15:10:21.154441", "function_name": "craft", "function_body": "  return []", "island_id": 3, "scores": {"3": 0.0}}
{"timestamp": "2025-09-12T15:10:23.908486", "function_name": "craft", "function_body": "  return []", "island_id": 9, "scores": {"3": 0.0}}
{"timestamp": "2025-09-12T15:10:25.900997", "function_name": "craft", "function_body": "  return []", "island_id": 9, "scores": {"3": 0.0}}
{"timestamp": "2025-09-12T15:10:28.710673", "function_name": "craft", "function_body": "  return []", "island_id": 9, "scores": {"3": 0.0}}
{"timestamp": "2025-09-12T15:10:30.699533", "function_name": "craft", "function_body": "  return []  ", "island_id": 9, "scores": {"3": 0.0}}
{"timestamp": "2025-09-12T15:10:33.507657", "function_name": "craft", "function_body": "  return []", "island_id": 5, "scores": {"3": 0.0}}
{"timestamp": "2025-09-12T15:10:35.490065", "function_name": "craft", "function_body": "  return []", "island_id": 5, "scores": {"3": 0.0}}
{"timestamp": "2025-09-12T15:10:39.650240", "function_name": "craft", "function_body": "  return []", "island_id": 6, "scores": {"3": 0.0}}
{"timestamp": "2025-09-12T15:10:41.670814", "function_name": "craft", "function_body": "  return []", "island_id": 6, "scores": {"3": 0.0}}
{"timestamp": "2025-09-12T15:10:44.563043", "function_name": "craft", "function_body": "  return []", "island_id": 2, "scores": {"3": 0.0}}
{"timestamp": "2025-09-12T15:10:46.564660", "function_name": "craft", "function_body": "  return []", "island_id": 2, "scores": {"3": 0.0}}
{"timestamp": "2025-09-12T15:11:43.288964", "function_name": "craft", "function_body": "  return []", "island_id": 6, "scores": {"3": 0.0}}
{"timestamp": "2025-09-12T15:11:45.297326", "function_name": "craft", "function_body": "  def get_recipe(item):\n    \"\"\"\n    Helper function to extract the recipe for the given item from the environment's cookbook.\n    If the item is a primitive, return None.\n    \"\"\"\n    cookbook = env._current_state.scenario.world.cookbook\n    if item in cookbook.primitives:\n      return None\n    if item in cookbook.recipes:\n      return cookbook.recipes[item]\n    return None\n\n  def check_prerequisites(recipe):\n    \"\"\"\n    Check if all required ingredients for the recipe are available in the inventory.\n    \"\"\"\n    inventory = env._current_state.inventory\n    for ingredient, count in recipe.items():\n      if inventory[ingredient] < count:\n        return False\n    return True\n\n  def find_and_move_to_workshop(item):\n    \"\"\"\n    Find the workshop required for the given item and move to it.\n    \"\"\"\n    current_pos = env._current_state.pos\n    workshop_index = env._current_state.scenario.world.cookbook.recipes[item][\"_key\"]\n    workshop_name = env._current_state.scenario.world.cookbook.reverse_contents[workshop_index]\n    workshop_pos = find_position(env._current_state.grid, workshop_index)\n    # Calculate the direction to move towards the workshop\n    # This is a simplified example; actual pathfinding would be more complex\n    if workshop_pos is None:\n      return []  # Workshop not found\n    # Generate movement actions to reach the workshop\n    return move_to_position(current_pos, workshop_pos)\n\n  def find_position(grid, kind_index):\n    \"\"\"\n    Find the position of the specified kind in the grid.\n    \"\"\"\n    for y in range(grid.shape[0]):\n      for x in range(grid.shape[1]):\n        if grid[y, x, kind_index] > 0:\n          return (x, y)\n    return None\n\n  def move_to_position(current_pos, target_pos):\n    \"\"\"\n    Generate a list of movement actions to move from current_pos to target_pos.\n    \"\"\"\n    # This is a simplified example; actual pathfinding would be more complex\n    actions = []\n    x, y = current_pos\n    tx, ty = target_pos\n    while x != tx or y != ty:\n      if x < tx:\n        actions.append(craft.RIGHT)\n        x += 1\n      elif x > tx:\n        actions.append(craft.LEFT)\n        x -= 1\n      elif y < ty:\n        actions.append(craft.DOWN)\n        y += 1\n      elif y > ty:\n        actions.append(craft.UP)\n        y -= 1\n    return actions\n\n  def craft_item():\n    \"\"\"\n    Perform the USE action to craft the item at the workshop.\n    \"\"\"\n    return [craft.USE]\n\n  # Main function logic\n  recipe = get_recipe(item)\n  if recipe is None:\n    return []  # Item is a primitive, cannot be crafted\n\n  if not check_prerequisites(recipe):\n    return []  # Not all ingredients are available\n\n  move_actions = find_and_move_to_workshop(item)\n  if not move_actions:\n    return []  # Could not find or reach the workshop\n\n  return move_actions + craft_item()\n  return []", "island_id": 6, "scores": {"3": 0.0}}
{"timestamp": "2025-09-12T15:11:48.352004", "function_name": "craft", "function_body": "  return []", "island_id": 9, "scores": {"3": 0.0}}
{"timestamp": "2025-09-12T15:11:50.373203", "function_name": "craft", "function_body": "  return []", "island_id": 9, "scores": {"3": 0.0}}
{"timestamp": "2025-09-12T15:11:53.568452", "function_name": "craft", "function_body": "  return []  ", "island_id": 9, "scores": {"3": 0.0}}
{"timestamp": "2025-09-12T15:11:55.560671", "function_name": "craft", "function_body": "  return []  ", "island_id": 9, "scores": {"3": 0.0}}
{"timestamp": "2025-09-12T15:11:58.589302", "function_name": "craft", "function_body": "  return []", "island_id": 0, "scores": {"3": 0.0}}
{"timestamp": "2025-09-12T15:12:00.598685", "function_name": "craft", "function_body": "  return []", "island_id": 0, "scores": {"3": 0.0}}
{"timestamp": "2025-09-12T15:12:03.488269", "function_name": "craft", "function_body": "  return []", "island_id": 2, "scores": {"3": 0.0}}
{"timestamp": "2025-09-12T15:12:05.475998", "function_name": "craft", "function_body": "  return []", "island_id": 2, "scores": {"3": 0.0}}
{"timestamp": "2025-09-12T15:12:41.111089", "function_name": "craft", "function_body": "  return []", "island_id": 0, "scores": {"3": 0.0}}
{"timestamp": "2025-09-12T15:12:42.983066", "function_name": "craft", "function_body": "  # Get the index of the item in the cookbook\n  cookbook = env.scenario.world.cookbook\n  index = cookbook.index\n  item_idx = index.index(item)\n\n  # Get the recipe for the item\n  recipe = cookbook.recipes.get(item_idx, {})\n\n  # Check if the recipe has a key, which is the required item to craft\n  if \"_key\" in recipe:\n    key_idx = recipe[\"_key\"]\n    key_name = index.get(key_idx)\n    # If the key is not in the inventory, we need to craft it first\n    if env._current_state.inventory[key_idx] == 0:\n      # Recursively call craft_v2 to get the actions to craft the key\n      key_actions = craft_v2(env, key_name)\n      if not key_actions:\n        return []\n      return key_actions + [env.action_specs()[env.CRAFT_FUNC]]\n  else:\n    # Check if all the required items are in the inventory\n    for ingredient_idx, count in recipe.items():\n      if env._current_state.inventory[ingredient_idx] < count:\n        return []\n\n  # If we have all the required items, go to the workshop and use the USE action to craft the item\n  workshop_idx = recipe.get(\"_workshop\", 0)\n  workshop_name = index.get(workshop_idx)\n  workshop_pos = None\n  for y in range(env._current_state.grid.shape[0]):\n    for x in range(env._current_state.grid.shape[1]):\n      if env._current_state.grid[y, x, workshop_idx] > 0:\n        workshop_pos = (x, y)\n        break\n    if workshop_pos:\n      break\n\n  if not workshop_pos:\n    return []\n\n  # Move to the workshop\n  move_actions = move_to(env, workshop_pos)\n  if not move_actions:\n    return []\n\n  # Use the USE action to craft the item\n  return move_actions + [env.action_specs()[env.USE]]", "island_id": 0, "scores": {"3": -1}}
{"timestamp": "2025-09-12T15:12:45.981242", "function_name": "craft", "function_body": "  return []", "island_id": 6, "scores": {"3": 0.0}}
{"timestamp": "2025-09-12T15:12:47.980316", "function_name": "craft", "function_body": "  return []", "island_id": 6, "scores": {"3": 0.0}}
{"timestamp": "2025-09-12T15:12:50.971726", "function_name": "craft", "function_body": "  return []", "island_id": 0, "scores": {"3": 0.0}}
{"timestamp": "2025-09-12T15:12:52.984197", "function_name": "craft", "function_body": "  return []", "island_id": 0, "scores": {"3": 0.0}}
{"timestamp": "2025-09-12T15:12:56.055325", "function_name": "craft", "function_body": "  return []", "island_id": 4, "scores": {"3": 0.0}}
{"timestamp": "2025-09-12T15:12:58.128198", "function_name": "craft", "function_body": "  return [] ", "island_id": 4, "scores": {"3": 0.0}}
{"timestamp": "2025-09-12T15:13:01.109762", "function_name": "craft", "function_body": "  return []", "island_id": 7, "scores": {"3": 0.0}}
{"timestamp": "2025-09-12T15:13:03.117814", "function_name": "craft", "function_body": "  return []", "island_id": 7, "scores": {"3": 0.0}}
{"timestamp": "2025-09-12T15:13:06.177962", "function_name": "craft", "function_body": "  return []", "island_id": 4, "scores": {"3": 0.0}}
{"timestamp": "2025-09-12T15:13:08.146850", "function_name": "craft", "function_body": "  return []", "island_id": 4, "scores": {"3": 0.0}}
{"timestamp": "2025-09-12T15:13:11.174731", "function_name": "craft", "function_body": "  return []", "island_id": 0, "scores": {"3": 0.0}}
{"timestamp": "2025-09-12T15:13:13.170650", "function_name": "craft", "function_body": "  return []", "island_id": 0, "scores": {"3": 0.0}}
{"timestamp": "2025-09-12T15:13:16.070960", "function_name": "craft", "function_body": "  return []", "island_id": 9, "scores": {"3": 0.0}}
{"timestamp": "2025-09-12T15:13:18.125542", "function_name": "craft", "function_body": "  return []", "island_id": 9, "scores": {"3": 0.0}}
{"timestamp": "2025-09-12T15:13:21.458052", "function_name": "craft", "function_body": "  return []  ", "island_id": 8, "scores": {"3": 0.0}}
{"timestamp": "2025-09-12T15:13:23.444034", "function_name": "craft", "function_body": "  return []  ", "island_id": 8, "scores": {"3": 0.0}}
{"timestamp": "2025-09-12T15:13:26.637835", "function_name": "craft", "function_body": "  return []", "island_id": 6, "scores": {"3": 0.0}}
{"timestamp": "2025-09-12T15:13:28.749842", "function_name": "craft", "function_body": "  return []  ", "island_id": 6, "scores": {"3": 0.0}}
{"timestamp": "2025-09-12T15:13:31.728387", "function_name": "craft", "function_body": "  return []", "island_id": 6, "scores": {"3": 0.0}}
{"timestamp": "2025-09-12T15:13:33.833238", "function_name": "craft", "function_body": "  return []", "island_id": 6, "scores": {"3": 0.0}}
{"timestamp": "2025-09-12T15:13:36.687328", "function_name": "craft", "function_body": "  return []", "island_id": 9, "scores": {"3": 0.0}}
{"timestamp": "2025-09-12T15:13:38.831485", "function_name": "craft", "function_body": "  return []", "island_id": 9, "scores": {"3": 0.0}}
{"timestamp": "2025-09-12T15:13:41.801173", "function_name": "craft", "function_body": "  return []", "island_id": 7, "scores": {"3": 0.0}}
{"timestamp": "2025-09-12T15:13:43.832063", "function_name": "craft", "function_body": "  return []", "island_id": 7, "scores": {"3": 0.0}}
{"timestamp": "2025-09-12T15:13:47.003389", "function_name": "craft", "function_body": "  return []", "island_id": 3, "scores": {"3": 0.0}}
{"timestamp": "2025-09-12T15:13:49.125196", "function_name": "craft", "function_body": "  return []", "island_id": 3, "scores": {"3": 0.0}}
{"timestamp": "2025-09-12T15:14:24.601318", "function_name": "craft", "function_body": "  return []", "island_id": 6, "scores": {"3": 0.0}}
{"timestamp": "2025-09-12T15:14:26.716073", "function_name": "craft", "function_body": "  def get_recipe_items(recipe):\n    # Extract the list of items (as indices) required for the recipe\n    return list(recipe.keys())\n\n  def has_all_items(items):\n    # Check if all items in the list are present in the inventory\n    for i in items:\n      if env._current_state.inventory[i] <= 0:\n        return False\n    return True\n\n  def move_to_workshop(workshop_index):\n    # Find the location of the workshop and move there\n    grid = env._current_state.grid\n    pos = env._current_state.pos\n    workshop_pos = None\n    for x in range(grid.shape[0]):\n      for y in range(grid.shape[1]):\n        if grid[x, y, workshop_index] > 0:\n          workshop_pos = (x, y)\n          break\n      if workshop_pos:\n        break\n\n    if not workshop_pos:\n      return []\n\n    # Calculate the direction to move\n    actions = []\n    dx = workshop_pos[0] - pos[0]\n    dy = workshop_pos[1] - pos[1]\n\n    while dx != 0 or dy != 0:\n      if dx > 0:\n        actions.append(craft.RIGHT)\n        dx -= 1\n      elif dx < 0:\n        actions.append(craft.LEFT)\n        dx += 1\n      elif dy > 0:\n        actions.append(craft.DOWN)\n        dy -= 1\n      elif dy < 0:\n        actions.append(craft.UP)\n        dy += 1\n    return actions\n\n  recipe = env.world.cookbook.recipes.get(item, {})\n  if not recipe:\n    return []\n\n  required_items = get_recipe_items(recipe)\n  if not has_all_items(required_items):\n    return []\n\n  workshop_index = env.world.cookbook.index.index[workshop]\n  actions = move_to_workshop(workshop_index)\n  actions.append(craft.USE)\n  return actions", "island_id": 6, "scores": {"3": 0.0}}
{"timestamp": "2025-09-12T15:14:30.792555", "function_name": "craft", "function_body": "  return []", "island_id": 9, "scores": {"3": 0.0}}
{"timestamp": "2025-09-12T15:14:32.768823", "function_name": "craft", "function_body": "  return []", "island_id": 9, "scores": {"3": 0.0}}
{"timestamp": "2025-09-12T15:14:35.733328", "function_name": "craft", "function_body": "  return []", "island_id": 2, "scores": {"3": 0.0}}
{"timestamp": "2025-09-12T15:14:37.716869", "function_name": "craft", "function_body": "  return []", "island_id": 2, "scores": {"3": 0.0}}
{"timestamp": "2025-09-12T15:14:40.613360", "function_name": "craft", "function_body": "  return []", "island_id": 6, "scores": {"3": 0.0}}
{"timestamp": "2025-09-12T15:14:42.672629", "function_name": "craft", "function_body": "  return []", "island_id": 6, "scores": {"3": 0.0}}
{"timestamp": "2025-09-12T15:15:06.835782", "function_name": "craft", "function_body": "  return []", "island_id": 1, "scores": {"3": 0.0}}
{"timestamp": "2025-09-12T15:15:08.798631", "function_name": "craft", "function_body": "  # Get the index of the item in the cookbook\n  item_index = env.world.cookbook.index.index(item)\n  recipe = env.world.cookbook.recipes.get(item_index)\n  if not recipe:\n    return []\n\n  # Check if all required ingredients are in the inventory\n  required_ingredients = {k: v for k, v in recipe.items() if k != \"_key\"}\n  for ingredient, count in required_ingredients.items():\n    if env._current_state.inventory[ingredient] < count:\n      return []\n\n  # Determine the workshop required for crafting\n  workshop_index = recipe.get(\"_key\")\n  if workshop_index is None:\n    return []\n\n  # Find the workshop's position on the grid\n  grid = env._current_state.grid\n  workshop_positions = np.argwhere(grid[:, :, workshop_index] > 0)\n  if workshop_positions.size == 0:\n    return []\n\n  # Move to the workshop\n  workshop_pos = tuple(workshop_positions[0])\n  move_actions = move_to(env, workshop_pos)\n  if not move_actions:\n    return []\n\n  # Use the workshop to craft the item\n  move_actions.append(craft_action_index)  # Assuming USE is the action to craft\n\n  return move_actions", "island_id": 1, "scores": {"3": -1}}
{"timestamp": "2025-09-12T15:15:11.663667", "function_name": "craft", "function_body": "  return []", "island_id": 0, "scores": {"3": 0.0}}
{"timestamp": "2025-09-12T15:15:13.792781", "function_name": "craft", "function_body": "  return []", "island_id": 0, "scores": {"3": 0.0}}
{"timestamp": "2025-09-12T15:15:16.762928", "function_name": "craft", "function_body": "  return []", "island_id": 3, "scores": {"3": 0.0}}
{"timestamp": "2025-09-12T15:15:18.829688", "function_name": "craft", "function_body": "  return []", "island_id": 3, "scores": {"3": 0.0}}
{"timestamp": "2025-09-12T15:16:18.777722", "function_name": "craft", "function_body": "  # Get the index of the item in the cookbook's index\n  index = env.scenario.world.cookbook.index\n  if item not in index.contents:\n    return []  # Item not found in the index\n  item_idx = index.contents[item]\n\n  # Check if the item has a recipe. If not, return an empty list.\n  cookbook = env.scenario.world.cookbook\n  if item_idx not in cookbook.recipes:\n    return []  # No recipe for this item\n\n  # Get the required ingredients for the recipe\n  recipe = cookbook.recipes[item_idx]\n  required_ingredients = {int(k): v for k, v in recipe.items() if k != '_key'}\n\n  # Check if all required ingredients are present in the inventory\n  inventory = env._current_state.inventory\n  for ingredient_idx, required_count in required_ingredients.items():\n    if inventory[ingredient_idx] < required_count:\n      return []  # Not enough of a required ingredient\n\n  # Find the workshop where the item can be crafted\n  workshop_idx = recipe.get('_key')\n  if workshop_idx is None:\n    return []  # No workshop specified for this recipe\n\n  workshop_name = index.reverse_contents[workshop_idx]\n  workshop_kind = workshop_name  # Assuming the workshop name matches the kind name\n\n  # Check if the agent is already at the workshop\n  pos = env._current_state.pos\n  grid = env._current_state.grid\n  width, height, _ = grid.shape\n  workshop_found = False\n\n  # Search the grid for the workshop\n  for x in range(width):\n    for y in range(height):\n      if grid[x, y, workshop_idx] > 0:  # Check if the cell contains the workshop\n        # Move to the workshop\n        directions = [craft.DOWN, craft.UP, craft.LEFT, craft.RIGHT]\n        actions = []\n\n        # Calculate the direction to move towards the workshop\n        dx = x - pos[0]\n        dy = y - pos[1]\n\n        # Determine the direction to move based on dx and dy\n        if dx > 0:\n          actions.append(craft.RIGHT)\n        elif dx < 0:\n          actions.append(craft.LEFT)\n        if dy > 0:\n          actions.append(craft.DOWN)\n        elif dy < 0:\n          actions.append(craft.UP)\n\n        # If both dx and dy are non-zero, prioritize moving horizontally first\n        if dx != 0 and dy != 0:\n          if abs(dx) > abs(dy):\n            actions = [craft.RIGHT if dx > 0 else craft.LEFT]\n          else:\n            actions = [craft.DOWN if dy > 0 else craft.UP]\n\n        # Move to the workshop\n        for action in actions:\n          new_state = env._current_state.step(action)\n          env._current_state = new_state\n          pos = new_state.pos\n\n          # Check if we have reached the workshop\n          if grid[pos[0], pos[1], workshop_idx] > 0:\n            workshop_found = True\n            break\n\n        if workshop_found:\n          break\n\n    if workshop_found:\n      break\n\n  if not workshop_found:\n    return []  # Workshop not found\n\n  # Once at the workshop, perform the USE action to craft the item\n  actions = [craft.USE]\n\n  return actions", "island_id": 5, "scores": {"3": -1}}
{"timestamp": "2025-09-12T15:16:20.764319", "function_name": "craft", "function_body": "  return [] # actions to take", "island_id": 5, "scores": {"3": 0.0}}
{"timestamp": "2025-09-12T15:16:23.703121", "function_name": "craft", "function_body": "  return []", "island_id": 9, "scores": {"3": 0.0}}
{"timestamp": "2025-09-12T15:16:25.699019", "function_name": "craft", "function_body": "  return []", "island_id": 9, "scores": {"3": 0.0}}
{"timestamp": "2025-09-12T15:16:28.718361", "function_name": "craft", "function_body": "  return []", "island_id": 9, "scores": {"3": 0.0}}
{"timestamp": "2025-09-12T15:16:30.718949", "function_name": "craft", "function_body": "  return []", "island_id": 9, "scores": {"3": 0.0}}
{"timestamp": "2025-09-12T15:16:33.690649", "function_name": "craft", "function_body": "  return []", "island_id": 2, "scores": {"3": 0.0}}
{"timestamp": "2025-09-12T15:16:35.671030", "function_name": "craft", "function_body": "  return []  ", "island_id": 2, "scores": {"3": 0.0}}
{"timestamp": "2025-09-12T15:16:38.586891", "function_name": "craft", "function_body": "  return [] ", "island_id": 3, "scores": {"3": 0.0}}
{"timestamp": "2025-09-12T15:16:40.611336", "function_name": "craft", "function_body": "  return []", "island_id": 3, "scores": {"3": 0.0}}
{"timestamp": "2025-09-12T15:16:43.572925", "function_name": "craft", "function_body": "  return []", "island_id": 3, "scores": {"3": 0.0}}
{"timestamp": "2025-09-12T15:16:45.552641", "function_name": "craft", "function_body": "  return []", "island_id": 3, "scores": {"3": 0.0}}
{"timestamp": "2025-09-12T15:16:48.408562", "function_name": "craft", "function_body": "  return []", "island_id": 2, "scores": {"3": 0.0}}
{"timestamp": "2025-09-12T15:16:50.437957", "function_name": "craft", "function_body": "  return []", "island_id": 2, "scores": {"3": 0.0}}
{"timestamp": "2025-09-12T15:16:53.433425", "function_name": "craft", "function_body": "  return []", "island_id": 3, "scores": {"3": 0.0}}
{"timestamp": "2025-09-12T15:16:55.452759", "function_name": "craft", "function_body": "  return []", "island_id": 3, "scores": {"3": 0.0}}
{"timestamp": "2025-09-12T15:16:58.332626", "function_name": "craft", "function_body": "  return []", "island_id": 8, "scores": {"3": 0.0}}
{"timestamp": "2025-09-12T15:17:00.328269", "function_name": "craft", "function_body": "  return []", "island_id": 8, "scores": {"3": 0.0}}
{"timestamp": "2025-09-12T15:17:03.185119", "function_name": "craft", "function_body": "  return []", "island_id": 4, "scores": {"3": 0.0}}
{"timestamp": "2025-09-12T15:17:05.189951", "function_name": "craft", "function_body": "  return []", "island_id": 4, "scores": {"3": 0.0}}
{"timestamp": "2025-09-12T15:17:08.115926", "function_name": "craft", "function_body": "  return []", "island_id": 6, "scores": {"3": 0.0}}
{"timestamp": "2025-09-12T15:17:10.163341", "function_name": "craft", "function_body": "  return []", "island_id": 6, "scores": {"3": 0.0}}
{"timestamp": "2025-09-12T15:17:13.103146", "function_name": "craft", "function_body": "  return []", "island_id": 0, "scores": {"3": 0.0}}
{"timestamp": "2025-09-12T15:17:15.070323", "function_name": "craft", "function_body": "  return []  ", "island_id": 0, "scores": {"3": 0.0}}
{"timestamp": "2025-09-12T15:17:18.015556", "function_name": "craft", "function_body": "  return []", "island_id": 6, "scores": {"3": 0.0}}
{"timestamp": "2025-09-12T15:17:20.073358", "function_name": "craft", "function_body": "  return []", "island_id": 6, "scores": {"3": 0.0}}
{"timestamp": "2025-09-12T15:17:23.045007", "function_name": "craft", "function_body": "  return []", "island_id": 3, "scores": {"3": 0.0}}
{"timestamp": "2025-09-12T15:17:25.104123", "function_name": "craft", "function_body": "  return []", "island_id": 3, "scores": {"3": 0.0}}
{"timestamp": "2025-09-12T15:17:28.198660", "function_name": "craft", "function_body": "  return []", "island_id": 3, "scores": {"3": 0.0}}
{"timestamp": "2025-09-12T15:17:30.270349", "function_name": "craft", "function_body": "  return []", "island_id": 3, "scores": {"3": 0.0}}
{"timestamp": "2025-09-12T15:17:33.271314", "function_name": "craft", "function_body": "  return []", "island_id": 1, "scores": {"3": 0.0}}
{"timestamp": "2025-09-12T15:17:35.403947", "function_name": "craft", "function_body": "  return []", "island_id": 1, "scores": {"3": 0.0}}
{"timestamp": "2025-09-12T15:17:38.379806", "function_name": "craft", "function_body": "  return []", "island_id": 8, "scores": {"3": 0.0}}
{"timestamp": "2025-09-12T15:17:40.463609", "function_name": "craft", "function_body": "  return []", "island_id": 8, "scores": {"3": 0.0}}
{"timestamp": "2025-09-12T15:17:44.943430", "function_name": "craft", "function_body": "  return []", "island_id": 9, "scores": {"3": 0.0}}
{"timestamp": "2025-09-12T15:17:47.270913", "function_name": "craft", "function_body": "  return []", "island_id": 9, "scores": {"3": 0.0}}
{"timestamp": "2025-09-12T15:17:50.797310", "function_name": "craft", "function_body": "  return []  ", "island_id": 6, "scores": {"3": 0.0}}
{"timestamp": "2025-09-12T15:17:52.897429", "function_name": "craft", "function_body": "  return []", "island_id": 6, "scores": {"3": 0.0}}
{"timestamp": "2025-09-12T15:17:55.998422", "function_name": "craft", "function_body": "  return []  ", "island_id": 8, "scores": {"3": 0.0}}
{"timestamp": "2025-09-12T15:17:58.157231", "function_name": "craft", "function_body": "  return []", "island_id": 8, "scores": {"3": 0.0}}
{"timestamp": "2025-09-12T15:19:19.296805", "function_name": "craft", "function_body": "  actions = []\n  # get the index of the item in the cookbook index\n  index = env._current_state.world.cookbook.index\n  # item_id = index.index(item)  # index is a function, not an attribute\n  item_id = index(item)\n  # get the recipe for the item\n  recipe = env._current_state.world.cookbook.recipes.get(item_id, {})\n  if not recipe:\n      return []\n  # check if we have all the required items in the inventory\n  inventory = env._current_state.inventory\n  required_items = {k: v for k, v in recipe.items() if k != '_key'}\n  for required_item_id, required_count in required_items.items():\n      if inventory[required_item_id] < required_count:\n          return []\n  # get the workshop for the item\n  workshop_id = recipe['_key']\n  # get the position of the workshop\n  grid = env._current_state.grid\n  workshop_pos = None\n  for i in range(grid.shape[0]):\n      for j in range(grid.shape[1]):\n          if grid[i, j, workshop_id] == 1:\n              workshop_pos = (i, j)\n              break\n      if workshop_pos:\n          break\n  if not workshop_pos:\n      return []\n  # move to the workshop\n  current_pos = env._current_state.pos\n  # move to the workshop\n  # calculate the direction to the workshop\n  dx = workshop_pos[0] - current_pos[0]\n  dy = workshop_pos[1] - current_pos[1]\n  # move in the direction\n  # this is a very simple movement logic, in reality you would need a more complex path finding algorithm\n  for _ in range(abs(dx)):\n      if dx > 0:\n          actions.append(env.action_specs()['DOWN'])\n      else:\n          actions.append(env.action_specs()['UP'])\n  for _ in range(abs(dy)):\n      if dy > 0:\n          actions.append(env.action_specs()['RIGHT'])\n      else:\n          actions.append(env.action_specs()['LEFT'])\n  # use the workshop\n  actions.append(env.action_specs()['USE'])\n  return actions", "island_id": 5, "scores": {"3": -1}}
{"timestamp": "2025-09-12T15:19:22.100154", "function_name": "craft", "function_body": "  def collect_needed_items(craft_item, needed_items):\n    \"\"\"Recursively collect all items needed for the given item. The function is called with the item to be crafted and returns all the items needed to craft it. It uses the primitive_for function from the cookbook to get the required items for the given item. It then recursively calls itself for each of those items to get their required items. The function returns a list of all the items needed to craft the given item.\"\"\"\n    # Use the primitive_for function to get the required items for the given item\n    required_items = env._current_state.scenario.world.cookbook.primitive_for(craft_item)\n    # Check if the required items are already in the needed_items list\n    for required_item in required_items:\n      if required_item not in needed_items:\n        # If not, add it to the list and recursively collect its required items\n        needed_items.append(required_item)\n        collect_needed_items(required_item, needed_items)\n    return needed_items\n\n  def collect_all_items(needed_items, collected_items):\n    \"\"\"Collects all the needed items. The function is called with the list of needed items and the list of collected items. It checks if the agent has all the needed items in its inventory. If not, it calls the collect function for each of the missing items and appends the actions to the collected_items list. The function returns the list of actions to collect all the needed items.\"\"\"\n    # Check if the agent has all the needed items in its inventory\n    for needed_item in needed_items:\n      if env._current_state.inventory[needed_item] == 0:\n        # If not, collect the item and append the actions to the collected_items list\n        collected_actions = collect(needed_item)\n        collected_items.extend(collected_actions)\n    return collected_items\n\n  def get_workshop_location(craft_item):\n    \"\"\"Gets the workshop location for the given item. The function is called with the item to be crafted and returns the workshop location. It uses the recipes from the cookbook to get the workshop location for the given item. The function returns the workshop location as a tuple of (x, y) coordinates.\"\"\"\n    # Use the recipes from the cookbook to get the workshop location for the given item\n    workshop_location = env._current_state.scenario.world.cookbook.recipes[craft_item][\"workshop\"]\n    # Return the workshop location as a tuple of (x, y) coordinates\n    return workshop_location\n\n  def move_to_workshop(workshop_location):\n    \"\"\"Moves the agent to the workshop location. The function is called with the workshop location and returns the list of actions to move to the workshop. It uses the move function to move the agent to the workshop location. The function returns the list of actions to move to the workshop.\"\"\"\n    # Use the move function to move the agent to the workshop location\n    actions = move(workshop_location)\n    # Return the list of actions to move to the workshop\n    return actions\n\n  def craft_item_at_workshop(craft_item):\n    \"\"\"Crafts the item at the workshop. The function is called with the item to be crafted and returns the list of actions to craft the item. It uses the craft function to craft the item at the workshop. The function returns the list of actions to craft the item.\"\"\"\n    # Use the craft function to craft the item at the workshop\n    actions = craft(craft_item)\n    # Return the list of actions to craft the item\n    return actions\n\n  # Get the index of the item to be crafted\n  craft_item_index = env.world.cookbook.index.index(item)\n  # Collect all the needed items\n  needed_items = collect_needed_items(craft_item_index, [])\n  collected_items = collect_all_items(needed_items, [])\n  # Get the workshop location for the item to be crafted\n  workshop_location = get_workshop_location(craft_item_index)\n  # Move to the workshop location\n  move_actions = move_to_workshop(workshop_location)\n  # Craft the item at the workshop\n  craft_actions = craft_item_at_workshop(craft_item_index)\n  # Return the list of actions to collect all the needed items, move to the workshop, and craft the item\n  return collected_items + move_actions + craft_actions", "island_id": 5, "scores": {"3": -1}}
{"timestamp": "2025-09-12T15:19:30.572888", "function_name": "craft", "function_body": "  return []", "island_id": 8, "scores": {"3": 0.0}}
{"timestamp": "2025-09-12T15:19:32.563477", "function_name": "craft", "function_body": "  return []", "island_id": 8, "scores": {"3": 0.0}}
{"timestamp": "2025-09-12T15:19:35.451739", "function_name": "craft", "function_body": "  return [] ", "island_id": 7, "scores": {"3": 0.0}}
{"timestamp": "2025-09-12T15:19:38.599662", "function_name": "craft", "function_body": "  return []", "island_id": 7, "scores": {"3": 0.0}}
{"timestamp": "2025-09-12T15:20:18.373621", "function_name": "craft", "function_body": "  # Retrieve the recipe for the item\n  recipe = env.world.cookbook.recipes.get(item, {})\n\n  # If the item has no recipe, it cannot be crafted\n  if not recipe:\n    return []\n\n  # Check if all required ingredients are in inventory\n  for ingredient, count in recipe.items():\n    if env._current_state.inventory[ingredient] < count:\n      return []\n\n  # Find the workshop for this recipe\n  workshop = recipe.get('_key')\n  if not workshop:\n    return []\n\n  # Get the position of the workshop\n  workshop_pos = np.argwhere(env._current_state.grid[workshop])\n  if not workshop_pos.size:\n    return []\n\n  # Move to the workshop\n  x, y = workshop_pos[0]\n  current_x, current_y = env._current_state.pos\n\n  # Calculate the direction to move\n  dx = x - current_x\n  dy = y - current_y\n\n  # Move in the correct direction\n  actions = []\n  if dx > 0:\n    actions.extend([craft.RIGHT] * dx)\n  elif dx < 0:\n    actions.extend([craft.LEFT] * (-dx))\n  if dy > 0:\n    actions.extend([craft.DOWN] * dy)\n  elif dy < 0:\n    actions.extend([craft.UP] * (-dy))\n\n  # Use the workshop to craft the item\n  actions.append(craft.USE)\n\n  return actions", "island_id": 3, "scores": {"3": 0.0}}
{"timestamp": "2025-09-12T15:20:20.444293", "function_name": "craft", "function_body": "  # Get the item index\n  item_idx = env.world.cookbook.index.index(item)\n\n  # Check if the item is a primitive\n  if item_idx in env.world.cookbook.primitives:\n      return collect(env, item)\n\n  # Get the recipe for the item\n  recipe = env.world.cookbook.recipes.get(item_idx, {})\n  if not recipe:\n      return []\n\n  # Check if all required ingredients are in inventory\n  for ingredient_idx, count in recipe.items():\n      if ingredient_idx == '_key':\n          continue\n      if env._current_state.inventory[ingredient_idx] < count:\n          return []\n\n  # Find the workshop for this recipe\n  workshop_idx = recipe.get('_key')\n  if not workshop_idx:\n      return []\n\n  # Find the position of the workshop\n  workshop_pos = np.argwhere(env._current_state.grid[workshop_idx])\n  if not workshop_pos.size:\n      return []\n\n  # Move to the workshop\n  actions = []\n  for x, y in workshop_pos:\n      if env._current_state.pos != (x, y):\n          dx = x - env._current_state.pos[0]\n          dy = y - env._current_state.pos[1]\n          if dx > 0:\n              actions.append(craft.RIGHT)\n          elif dx < 0:\n              actions.append(craft.LEFT)\n          if dy > 0:\n              actions.append(craft.DOWN)\n          elif dy < 0:\n              actions.append(craft.UP)\n          # Simulate time taken for movement\n          time.sleep(0.1)\n\n  # Use the workshop to craft the item\n  actions.append(craft.USE)\n\n  return actions", "island_id": 3, "scores": {"3": -1}}
{"timestamp": "2025-09-12T15:20:23.375444", "function_name": "craft", "function_body": "  return []", "island_id": 4, "scores": {"3": 0.0}}
{"timestamp": "2025-09-12T15:20:25.580882", "function_name": "craft", "function_body": "  return []", "island_id": 4, "scores": {"3": 0.0}}
{"timestamp": "2025-09-12T15:20:28.582906", "function_name": "craft", "function_body": "  return []", "island_id": 1, "scores": {"3": 0.0}}
{"timestamp": "2025-09-12T15:20:30.757146", "function_name": "craft", "function_body": "  return []", "island_id": 1, "scores": {"3": 0.0}}
{"timestamp": "2025-09-12T15:20:33.566007", "function_name": "craft", "function_body": "  return []", "island_id": 0, "scores": {"3": 0.0}}
{"timestamp": "2025-09-12T15:20:35.733267", "function_name": "craft", "function_body": "  return []", "island_id": 0, "scores": {"3": 0.0}}
{"timestamp": "2025-09-12T15:20:38.558960", "function_name": "craft", "function_body": "  return []", "island_id": 8, "scores": {"3": 0.0}}
{"timestamp": "2025-09-12T15:20:40.691358", "function_name": "craft", "function_body": "  return []", "island_id": 8, "scores": {"3": 0.0}}
{"timestamp": "2025-09-12T15:20:59.361810", "function_name": "craft", "function_body": "  return []", "island_id": 2, "scores": {"3": 0.0}}
{"timestamp": "2025-09-12T15:21:01.522220", "function_name": "craft", "function_body": "  # Step 1: Check if the item is a primitive.\n  # If it is a primitive, return an empty list of actions since it cannot be crafted.\n  # If it is not a primitive, proceed to the next step.\n\n  # Step 2: Get the recipe for the item.\n  # If the recipe is not found, return an empty list of actions.\n  # If the recipe is found, proceed to the next step.\n\n  # Step 3: Check if the agent has all the required ingredients for the recipe.\n  # If the agent does not have all the required ingredients, return an empty list of actions.\n  # If the agent has all the required ingredients, proceed to the next step.\n\n  # Step 4: Find the workshop where the item can be crafted.\n  # If the workshop is not found, return an empty list of actions.\n  # If the workshop is found, proceed to the next step.\n\n  # Step 5: Move to the workshop.\n  # If the agent cannot reach the workshop, return an empty list of actions.\n  # If the agent can reach the workshop, proceed to the next step.\n\n  # Step 6: Use the workshop to craft the item.\n  # If the agent cannot use the workshop, return an empty list of actions.\n  # If the agent can use the workshop, return a list of actions to craft the item.\n  return []", "island_id": 2, "scores": {"3": 0.0}}
{"timestamp": "2025-09-12T15:21:04.384250", "function_name": "craft", "function_body": "  return []", "island_id": 1, "scores": {"3": 0.0}}
{"timestamp": "2025-09-12T15:21:06.468445", "function_name": "craft", "function_body": "  return []", "island_id": 1, "scores": {"3": 0.0}}
{"timestamp": "2025-09-12T15:21:31.474745", "function_name": "craft", "function_body": "  # Get the index of the item in the environment's cookbook index\n  item_index = env.scenario.world.cookbook.index.index(item)\n\n  # Get the recipe for the item\n  recipe = env.scenario.world.cookbook.recipes.get(item_index)\n\n  # If the item is not in the recipes, return an empty list\n  if not recipe:\n    return []\n\n  # Check if all the required ingredients are in the inventory\n  inventory = env._current_state.inventory\n  for ingredient, count in recipe.items():\n    if inventory[ingredient] < count:\n      return []\n\n  # If all ingredients are present, proceed to craft the item\n  workshop_indices = env.scenario.world.workshop_indices\n\n  if not workshop_indices:\n    return []\n\n  workshop_index = workshop_indices[0]\n\n  # Find the workshop on the grid\n  grid = env._current_state.grid\n  workshop_pos = None\n  for x in range(grid.shape[0]):\n    for y in range(grid.shape[1]):\n      if grid[x, y, workshop_index] == 1:\n        workshop_pos = (x, y)\n        break\n    if workshop_pos:\n      break\n\n  if not workshop_pos:\n    return []\n\n  # Move to the workshop\n  current_pos = env._current_state.pos\n  path = find_path(current_pos, workshop_pos, grid)\n  if not path:\n    return []\n\n  move_actions = []\n  for step in path:\n    if step == 'up':\n      move_actions.append(1)  # UP\n    elif step == 'down':\n      move_actions.append(0)  # DOWN", "island_id": 5, "scores": {"3": -1}}
{"timestamp": "2025-09-12T15:21:33.493066", "function_name": "craft", "function_body": "  return []", "island_id": 5, "scores": {"3": 0.0}}
{"timestamp": "2025-09-12T15:21:36.270514", "function_name": "craft", "function_body": "  return []", "island_id": 5, "scores": {"3": 0.0}}
{"timestamp": "2025-09-12T15:21:38.274991", "function_name": "craft", "function_body": "  return []", "island_id": 5, "scores": {"3": 0.0}}
{"timestamp": "2025-09-12T15:21:56.275685", "function_name": "craft", "function_body": "  # Get the index of the item in the cookbook\n  index = env.world.cookbook.index\n\n  # Check if the item is a primitive\n  if index.get(index[item]) in env.world.cookbook.primitives:\n      # If it's a primitive, return an empty list (no actions needed)\n      return []\n\n  # Get the recipe for the item\n  recipe = env.world.cookbook.recipes.get(index[item], {})\n\n  # Check if the recipe exists\n  if not recipe:\n      # If no recipe exists, return an empty list\n      return []\n\n  # Check if all ingredients are present in the inventory\n  inventory = env._current_state.inventory.copy()\n  for ingredient, count in recipe.items():\n      if inventory[ingredient] < count:\n          # If any ingredient is missing, return an empty list\n          return []\n\n  # Get the workshop for the item\n  workshop = index.get(index[item], None)\n  if workshop is None:\n      # If no workshop is specified, return an empty list\n      return []\n\n  # Check if the workshop is in the current cell\n  if env._current_state.grid[env._current_state.pos] == workshop:\n      # If the workshop is in the current cell, return [USE]\n      return [4]\n\n  # Otherwise, return an empty list\n  return []", "island_id": 5, "scores": {"3": -1}}
{"timestamp": "2025-09-12T15:21:58.543766", "function_name": "craft", "function_body": "  return []", "island_id": 5, "scores": {"3": 0.0}}
{"timestamp": "2025-09-12T15:22:01.396798", "function_name": "craft", "function_body": "  return []", "island_id": 7, "scores": {"3": 0.0}}
{"timestamp": "2025-09-12T15:22:03.439185", "function_name": "craft", "function_body": "  return []", "island_id": 7, "scores": {"3": 0.0}}
{"timestamp": "2025-09-12T15:22:36.127478", "function_name": "craft", "function_body": "  # get the index of the item to be crafted \n  item_index = env.scenario.world.cookbook.index.index(item)\n  # get the recipe for the item, if it exists\n  recipe = env.scenario.world.cookbook.recipes.get(item_index, {})\n  if not recipe:\n    return []  # no recipe exists for the item\n  # check if we have all the required items in inventory\n  inventory = env._current_state.inventory\n  required_items = {}\n  for kind, count in recipe.items():\n    if kind == '_key':\n      continue\n    if inventory[kind] < count:\n      required_items[kind] = count\n  if not required_items:\n    # we have all the required items, proceed to craft\n    workshop_index = recipe.get('_key', 0)\n    workshop_name = env.scenario.world.cookbook.index.get(workshop_index)\n    # find the workshop in the grid\n    grid = env._current_state.grid\n    pos = env._current_state.pos\n    for y in range(grid.shape[0]):\n      for x in range(grid.shape[1]):\n        if grid[y, x, workshop_index] > 0:\n          # move to the workshop\n          dx, dy = x - pos[1], y - pos[0]\n          actions = []\n          if dx > 0:\n            actions += [3] * dx  # RIGHT\n          elif dx < 0:\n            actions += [2] * (-dx)  # LEFT\n          if dy > 0:\n            actions += [0] * dy  # DOWN\n          elif dy < 0:\n            actions += [1] * (-dy)  # UP\n          # use the workshop to craft the item\n          actions.append(4)  # USE\n          return actions\n    return []  # workshop not found in grid\n  else:\n    # we need to collect or craft the missing items\n    # for simplicity, we assume that all required items are primitives\n    # and can be collected directly\n    actions = []\n    for kind, count in required_items.items():\n      if kind in env.scenario.world.cookbook.primitives:\n        # collect the primitive\n        actions += collect(env, kind)\n      else:\n        # craft the item recursively\n        sub_actions = craft_v2(env, kind)\n        if not sub_actions:\n          return []  # cannot craft the item\n        actions += sub_actions\n    # after collecting/crafting all required items, proceed to craft\n    return actions + craft_v2(env, item)", "island_id": 3, "scores": {"3": -1}}
{"timestamp": "2025-09-12T15:22:38.114272", "function_name": "craft", "function_body": "  return []", "island_id": 3, "scores": {"3": 0.0}}
{"timestamp": "2025-09-12T15:22:40.876682", "function_name": "craft", "function_body": "  return []", "island_id": 4, "scores": {"3": 0.0}}
{"timestamp": "2025-09-12T15:22:42.878958", "function_name": "craft", "function_body": "  return []", "island_id": 4, "scores": {"3": 0.0}}
{"timestamp": "2025-09-12T15:22:45.613366", "function_name": "craft", "function_body": "  return []", "island_id": 9, "scores": {"3": 0.0}}
{"timestamp": "2025-09-12T15:22:47.591488", "function_name": "craft", "function_body": "  return []", "island_id": 9, "scores": {"3": 0.0}}
{"timestamp": "2025-09-12T15:22:50.343754", "function_name": "craft", "function_body": "  return []", "island_id": 2, "scores": {"3": 0.0}}
{"timestamp": "2025-09-12T15:22:52.380970", "function_name": "craft", "function_body": "  return []", "island_id": 2, "scores": {"3": 0.0}}
{"timestamp": "2025-09-12T15:22:55.238456", "function_name": "craft", "function_body": "  return []", "island_id": 0, "scores": {"3": 0.0}}
{"timestamp": "2025-09-12T15:22:57.501529", "function_name": "craft", "function_body": "  return []", "island_id": 0, "scores": {"3": 0.0}}
{"timestamp": "2025-09-12T15:23:00.300213", "function_name": "craft", "function_body": "  return []", "island_id": 1, "scores": {"3": 0.0}}
{"timestamp": "2025-09-12T15:23:02.316799", "function_name": "craft", "function_body": "  return []", "island_id": 1, "scores": {"3": 0.0}}
{"timestamp": "2025-09-12T15:23:05.083864", "function_name": "craft", "function_body": "  return []", "island_id": 5, "scores": {"3": 0.0}}
{"timestamp": "2025-09-12T15:23:07.084985", "function_name": "craft", "function_body": "  return []", "island_id": 5, "scores": {"3": 0.0}}
{"timestamp": "2025-09-12T15:23:10.327886", "function_name": "craft", "function_body": "  return []", "island_id": 3, "scores": {"3": 0.0}}
{"timestamp": "2025-09-12T15:23:12.338645", "function_name": "craft", "function_body": "  return []", "island_id": 3, "scores": {"3": 0.0}}
{"timestamp": "2025-09-12T15:23:37.044993", "function_name": "craft", "function_body": "  # Get the index of the item in the environment's cookbook index\n  item_index = env.world.cookbook.index.index(item)\n  if item_index is None:\n    return []\n\n  # Check if the item is already in the inventory\n  if env._current_state.inventory[item_index] > 0:\n    return []\n\n  # Get the recipe for the item\n  recipe = env.world.cookbook.recipes.get(item_index)\n  if recipe is None:\n    return []\n\n  # Check if all the required ingredients are in the inventory\n  for ingredient_index, count in recipe.items():\n    if ingredient_index == '_key':\n      continue\n    if env._current_state.inventory[ingredient_index] < count:\n      return []\n\n  # Find the workshop where the item can be crafted\n  workshop_index = recipe.get('_key')\n  if workshop_index is None:\n    return []\n\n  # Find the position of the workshop on the grid\n  grid = env._current_state.grid\n  workshop_positions = np.argwhere(grid[..., workshop_index] > 0)\n  if len(workshop_positions) == 0:\n    return []\n\n  # Move to the workshop\n  workshop_position = workshop_positions[0]\n  actions = move_to(env, workshop_position)\n\n  # Use the workshop to craft the item\n  actions.append(env.action_specs()['USE'])\n\n  return actions", "island_id": 4, "scores": {"3": -1}}
{"timestamp": "2025-09-12T15:23:39.061292", "function_name": "craft", "function_body": "  return []", "island_id": 4, "scores": {"3": 0.0}}
{"timestamp": "2025-09-12T15:23:56.110844", "function_name": "craft", "function_body": "  def get_required_primitives(item) -> dict:\n    \"\"\"Returns the required primitives and their counts for the item.\"\"\"\n    return {}\n\n  def collect_required_primitives(primitive_counts) -> list[int]:\n    \"\"\"Returns a list of actions to collect the required primitives.\"\"\"\n    return []\n\n  def find_and_go_to_workshop(item) -> list[int]:\n    \"\"\"Returns a list of actions to find and go to the workshop for the item.\"\"\"\n    return []\n\n  # Main logic\n  required_primitives = get_required_primitives(item)\n  if not required_primitives:\n    return []\n\n  collection_actions = collect_required_primitives(required_primitives)\n  if not collection_actions:\n    return []\n\n  workshop_actions = find_and_go_to_workshop(item)\n  if not workshop_actions:\n    return []\n\n  return collection_actions + workshop_actions + [env.action_space.actions[\"USE\"]]", "island_id": 1, "scores": {"3": 0.0}}
{"timestamp": "2025-09-12T15:23:58.111685", "function_name": "craft", "function_body": "  return []", "island_id": 1, "scores": {"3": 0.0}}
{"timestamp": "2025-09-12T15:24:01.103383", "function_name": "craft", "function_body": "  return []", "island_id": 2, "scores": {"3": 0.0}}
{"timestamp": "2025-09-12T15:24:03.106626", "function_name": "craft", "function_body": "  return []", "island_id": 2, "scores": {"3": 0.0}}
{"timestamp": "2025-09-12T15:24:06.102090", "function_name": "craft", "function_body": "  return []  ", "island_id": 8, "scores": {"3": 0.0}}
{"timestamp": "2025-09-12T15:24:08.090799", "function_name": "craft", "function_body": "  return []", "island_id": 8, "scores": {"3": 0.0}}
{"timestamp": "2025-09-12T15:24:11.013163", "function_name": "craft", "function_body": "  return []", "island_id": 0, "scores": {"3": 0.0}}
{"timestamp": "2025-09-12T15:24:13.014855", "function_name": "craft", "function_body": "  return []", "island_id": 0, "scores": {"3": 0.0}}
{"timestamp": "2025-09-12T15:24:15.946413", "function_name": "craft", "function_body": "  return []", "island_id": 4, "scores": {"3": 0.0}}
{"timestamp": "2025-09-12T15:24:17.950868", "function_name": "craft", "function_body": "  return []", "island_id": 4, "scores": {"3": 0.0}}
{"timestamp": "2025-09-12T15:28:43.541627", "function_name": "craft", "function_body": "  return []", "island_id": 9, "scores": {"3": 0.0}}
{"timestamp": "2025-09-12T15:28:45.667818", "function_name": "craft", "function_body": "  # Get the index of the item in the environment's cookbook\n  index = env.scenario.world.cookbook.index\n  item_idx = index.index(item)\n  \n  # Check if the item is a primitive\n  if item_idx in env.scenario.world.cookbook.primitives:\n      return []  # Primitives cannot be crafted, they can only be collected\n  \n  # Get the recipe for the item\n  recipe = env.scenario.world.cookbook.recipes.get(item_idx, {})\n  \n  # Check if the recipe is empty\n  if not recipe:\n      return []  # No recipe for the item\n  \n  # Check if the workshop is specified in the recipe\n  workshop_idx = recipe.get('_key', None)\n  if workshop_idx is None:\n      return []  # No workshop specified for the item\n  \n  # Get the position of the workshop in the environment\n  grid = env._current_state.grid\n  workshop_pos = None\n  for x in range(grid.shape[0]):\n      for y in range(grid.shape[1]):\n          if grid[x, y, workshop_idx] > 0:\n              workshop_pos = (x, y)\n              break\n      if workshop_pos is not None:\n          break\n  \n  # If no workshop is found, return empty action list\n  if workshop_pos is None:\n      return []\n  \n  # Move to the workshop\n  pos = env._current_state.pos\n  dir = env._current_state.dir\n  actions = []\n  \n  # Calculate the direction to the workshop\n  dx = workshop_pos[0] - pos[0]\n  dy = workshop_pos[1] - pos[1]\n  \n  # If the workshop is in the same position, just use it\n  if dx == 0 and dy == 0:\n      actions.append(env.action_specs()[env.action_specs().index('USE')])\n  else:\n      # Otherwise, move towards the workshop\n      if dx > 0:\n          actions.append(env.action_specs()[env.action_specs().index('RIGHT')])\n      elif dx < 0:\n          actions.append(env.action_specs()[env.action_specs().index('LEFT')])\n      if dy > 0:\n          actions.append(env.action_specs()[env.action_specs().index('DOWN')])\n      elif dy < 0:\n          actions.append(env.action_specs()[env.action_specs().index('UP')])\n  \n  # Use the workshop to craft the item\n  actions.append(env.action_specs()[env.action_specs().index('USE')])\n  \n  return actions", "island_id": 9, "scores": {"3": 0.0}}
{"timestamp": "2025-09-12T15:28:53.357520", "function_name": "craft", "function_body": "  return []", "island_id": 7, "scores": {"3": 0.0}}
{"timestamp": "2025-09-12T15:28:55.409488", "function_name": "craft", "function_body": "  return []", "island_id": 7, "scores": {"3": 0.0}}
{"timestamp": "2025-09-12T15:28:59.563591", "function_name": "craft", "function_body": "  return []", "island_id": 3, "scores": {"3": 0.0}}
{"timestamp": "2025-09-12T15:29:01.693889", "function_name": "craft", "function_body": "  return []", "island_id": 3, "scores": {"3": 0.0}}
{"timestamp": "2025-09-12T15:29:37.199774", "function_name": "craft", "function_body": "  # Get the index of the item in the environment's cookbook.\n  item_index = env.world.cookbook.index.index(item)\n  # Get the recipe for the item.\n  recipe = env.world.cookbook.recipes[item_index]\n  # Check if the recipe is valid.\n  if not recipe:\n    return []\n  # Get the list of required ingredients.\n  ingredients = list(recipe.keys())\n  # Check if we have all the required ingredients.\n  inventory = env._current_state.inventory\n  for ingredient in ingredients:\n    if inventory[ingredient] < recipe[ingredient]:\n      return []\n  # Get the workshop where the item can be crafted.\n  workshop = recipe[\"_key\"]\n  # Get the index of the workshop in the environment's cookbook.\n  workshop_index = env.world.cookbook.index.index(workshop)\n  # Get the position of the workshop.\n  workshop_pos = np.where(env._current_state.grid[:, :, workshop_index] > 0)\n  if len(workshop_pos[0]) == 0:\n    return []\n  workshop_pos = (workshop_pos[0][0], workshop_pos[1][0])\n  # Move to the workshop.\n  actions = []\n  pos = env._current_state.pos\n  while pos != workshop_pos:\n    # Calculate the direction to move.\n    if workshop_pos[0] < pos[0]:\n      actions.append(craft.LEFT)\n    elif workshop_pos[0] > pos[0]:\n      actions.append(craft.RIGHT)\n    elif workshop_pos[1] < pos[1]:\n      actions.append(craft.UP)\n    else:\n      actions.append(craft.DOWN)\n    # Execute the action.\n    reward, done, _ = env.step(actions[-1])\n    pos = env._current_state.pos\n    if done:\n      return []\n  # Use the workshop to craft the item.\n  actions.append(craft.USE)\n  return actions", "island_id": 7, "scores": {"3": -1}}
{"timestamp": "2025-09-12T15:29:39.173945", "function_name": "craft", "function_body": "  return []  ", "island_id": 7, "scores": {"3": 0.0}}
{"timestamp": "2025-09-12T15:29:42.151186", "function_name": "craft", "function_body": "  return []", "island_id": 2, "scores": {"3": 0.0}}
{"timestamp": "2025-09-12T15:29:44.135121", "function_name": "craft", "function_body": "  return []", "island_id": 2, "scores": {"3": 0.0}}
{"timestamp": "2025-09-12T15:29:47.143907", "function_name": "craft", "function_body": "  return []", "island_id": 7, "scores": {"3": 0.0}}
{"timestamp": "2025-09-12T15:29:49.121753", "function_name": "craft", "function_body": "  return []", "island_id": 7, "scores": {"3": 0.0}}
{"timestamp": "2025-09-12T15:30:24.708147", "function_name": "craft", "function_body": "  return []", "island_id": 3, "scores": {"3": 0.0}}
{"timestamp": "2025-09-12T15:30:26.575584", "function_name": "craft", "function_body": "  # Get the index of the item in the world's cookbook\n  index = env.world.cookbook.index.index\n  if item not in index:\n    return []\n  item_idx = index[item]\n\n  # Get the recipe for the item\n  cookbook = env.world.cookbook\n  recipe = cookbook.recipes.get(item_idx)\n  if recipe is None:\n    return []\n\n  # Check if all required ingredients are in the inventory\n  inventory = env._current_state.inventory\n  for ingredient, count in recipe.items():\n    if ingredient == \"_key\":\n      continue\n    if inventory[ingredient] < count:\n      return []\n\n  # Find the workshop where the item can be crafted\n  workshop_idx = recipe.get(\"_key\")\n  if workshop_idx is None:\n    return []\n\n  workshop_name = cookbook.index.get(workshop_idx)\n  if workshop_name is None:\n    return []\n\n  # Find the workshop on the grid\n  grid = env._current_state.grid\n  pos = env._current_state.pos\n  for y in range(grid.shape[0]):\n    for x in range(grid.shape[1]):\n      if grid[y, x, workshop_idx] > 0:\n        # Move to the workshop\n        dx = x - pos[0]\n        dy = y - pos[1]\n        if dx > 0:\n          actions = [env.action_specs()['RIGHT']] * dx\n        elif dx < 0:\n          actions = [env.action_specs()['LEFT']] * (-dx)\n        else:\n          actions = []\n        if dy > 0:\n          actions += [env.action_specs()['DOWN']] * dy\n        elif dy < 0:\n          actions += [env.action_specs()['UP']] * (-dy)\n        # Perform the USE action to craft the item\n        actions.append(env.action_specs()['USE'])\n        return actions\n\n  # Workshop not found\n  return []", "island_id": 3, "scores": {"3": -1}}
{"timestamp": "2025-09-12T15:30:29.413537", "function_name": "craft", "function_body": "  return []", "island_id": 4, "scores": {"3": 0.0}}
{"timestamp": "2025-09-12T15:30:31.407937", "function_name": "craft", "function_body": "  return []", "island_id": 4, "scores": {"3": 0.0}}
{"timestamp": "2025-09-12T15:30:34.389073", "function_name": "craft", "function_body": "  return []", "island_id": 2, "scores": {"3": 0.0}}
{"timestamp": "2025-09-12T15:30:36.370454", "function_name": "craft", "function_body": "  return []", "island_id": 2, "scores": {"3": 0.0}}
{"timestamp": "2025-09-12T15:31:00.209221", "function_name": "craft", "function_body": "  recipe = env.world.cookbook.recipes[item]\n  required_items = recipe[\"ingredients\"]\n  for ingredient, count in required_items.items():\n    if env._current_state.inventory[ingredient] < count:\n      return []\n\n  workshop = recipe[\"workshop\"]\n  pos = env._current_state.pos\n  dir = env._current_state.dir\n  grid = env._current_state.grid\n\n  workshop_pos = None\n  for i in range(grid.shape[0]):\n    for j in range(grid.shape[1]):\n      if grid[i][j][workshop] > 0:\n        workshop_pos = (i, j)\n        break\n    if workshop_pos:\n      break\n\n  if not workshop_pos:\n    return []\n\n  # Move to the workshop\n  actions = []\n  dx, dy = workshop_pos[0] - pos[0], workshop_pos[1] - pos[1]\n  if dx > 0:\n    actions.append(craft.UP)\n  elif dx < 0:\n    actions.append(craft.DOWN)\n  if dy > 0:\n    actions.append(craft.RIGHT)\n  elif dy < 0:\n    actions.append(craft.LEFT)\n\n  # Use the workshop to craft the item\n  actions.append(craft.USE)\n\n  return actions", "island_id": 8, "scores": {"3": -1}}
{"timestamp": "2025-09-12T15:31:02.180016", "function_name": "craft", "function_body": "  return []", "island_id": 8, "scores": {"3": 0.0}}
{"timestamp": "2025-09-12T15:31:04.975195", "function_name": "craft", "function_body": "  return []", "island_id": 9, "scores": {"3": 0.0}}
{"timestamp": "2025-09-12T15:31:07.023793", "function_name": "craft", "function_body": "  return []", "island_id": 9, "scores": {"3": 0.0}}
{"timestamp": "2025-09-12T15:31:10.008465", "function_name": "craft", "function_body": "  return []", "island_id": 9, "scores": {"3": 0.0}}
{"timestamp": "2025-09-12T15:31:11.986631", "function_name": "craft", "function_body": "  return []", "island_id": 9, "scores": {"3": 0.0}}
{"timestamp": "2025-09-12T15:31:40.608218", "function_name": "craft", "function_body": "  return []", "island_id": 7, "scores": {"3": 0.0}}
{"timestamp": "2025-09-12T15:31:42.568523", "function_name": "craft", "function_body": "  # Get the recipe for the item\n  recipe = env._current_state.world.cookbook.recipes.get(item, None)\n  if recipe is None:\n    return []\n\n  # Check if the agent has all the required ingredients\n  required_ingredients = recipe['ingredients']\n  for ingredient, count in required_ingredients.items():\n    if env._current_state.inventory[ingredient] < count:\n      return []\n\n  # Find the workshop where the item can be crafted\n  workshop = recipe['workshop']\n  workshop_pos = None\n  for y in range(env._current_state.grid.shape[0]):\n    for x in range(env._current_state.grid.shape[1]):\n      if env._current_state.grid[y, x, workshop] > 0:\n        workshop_pos = (x, y)\n        break\n    if workshop_pos is not None:\n      break\n\n  if workshop_pos is None:\n    return []\n\n  # Move to the workshop\n  actions = []\n  x, y = env._current_state.pos\n  wx, wy = workshop_pos\n  dx = wx - x\n  dy = wy - y\n  if dx > 0:\n    actions.append(env.action_specs['RIGHT'])\n  elif dx < 0:\n    actions.append(env.action_specs['LEFT'])\n  if dy > 0:\n    actions.append(env.action_specs['DOWN'])\n  elif dy < 0:\n    actions.append(env.action_specs['UP'])\n\n  # Use the workshop to craft the item\n  actions.append(env.action_specs['USE'])\n\n  return actions", "island_id": 7, "scores": {"3": 0.0}}
{"timestamp": "2025-09-12T15:31:45.765242", "function_name": "craft", "function_body": "  return []", "island_id": 2, "scores": {"3": 0.0}}
{"timestamp": "2025-09-12T15:31:47.767848", "function_name": "craft", "function_body": "  return [] ", "island_id": 2, "scores": {"3": 0.0}}
{"timestamp": "2025-09-12T15:31:50.611422", "function_name": "craft", "function_body": "  return []", "island_id": 7, "scores": {"3": 0.0}}
{"timestamp": "2025-09-12T15:31:52.597891", "function_name": "craft", "function_body": "  return []", "island_id": 7, "scores": {"3": 0.0}}
{"timestamp": "2025-09-12T15:31:55.496362", "function_name": "craft", "function_body": "  return []", "island_id": 1, "scores": {"3": 0.0}}
{"timestamp": "2025-09-12T15:31:57.501010", "function_name": "craft", "function_body": "  return []", "island_id": 1, "scores": {"3": 0.0}}
{"timestamp": "2025-09-12T15:32:00.367660", "function_name": "craft", "function_body": "  return []", "island_id": 8, "scores": {"3": 0.0}}
{"timestamp": "2025-09-12T15:32:02.330518", "function_name": "craft", "function_body": "  return []", "island_id": 8, "scores": {"3": 0.0}}
{"timestamp": "2025-09-12T15:32:50.526950", "function_name": "craft", "function_body": "  return []", "island_id": 0, "scores": {"3": 0.0}}
{"timestamp": "2025-09-12T15:32:52.459640", "function_name": "craft", "function_body": "  # Get the index of the item in the environment's cookbook index\n  index = env.scenario.world.cookbook.index\n  item_idx = index.index(item)\n  if item_idx is None:\n      print(f\"Item {item} not found in the environment's index.\")\n      return []\n  \n  # Get the recipe for the item\n  cookbook = env.scenario.world.cookbook\n  recipe = cookbook.recipes.get(item_idx)\n  if recipe is None:\n      print(f\"No recipe found for {item}.\")\n      return []\n  \n  # Check if the required ingredients are available in the inventory\n  inventory = env._current_state.inventory\n  required_ingredients = {int(k): v for k, v in recipe.items() if k != \"_key\"}\n  for ingredient_idx, count in required_ingredients.items():\n      if inventory[ingredient_idx] < count:\n          print(f\"Insufficient {ingredient_idx} in inventory.\")\n          return []\n  \n  # Find the workshop where the item can be crafted\n  workshop_idx = recipe.get(\"_key\")\n  if workshop_idx is None:\n      print(f\"No workshop specified for {item}.\")\n      return []\n  workshop_name = index.get(workshop_idx)\n  \n  # Get the position of the workshop\n  state = env._current_state\n  grid = state.grid\n  workshop_positions = np.argwhere(grid[:, :, workshop_idx] > 0)\n  if len(workshop_positions) == 0:\n      print(f\"No {workshop_name} found in the environment.\")\n      return []\n  workshop_pos = workshop_positions[0]\n  \n  # Move to the workshop\n  pos = state.pos\n  dir = state.dir\n  actions = []\n  # Move to the workshop (simplified movement logic)\n  # This is a placeholder and would need to be implemented with actual pathfinding\n  dx, dy = workshop_pos - pos\n  steps = max(abs(dx), abs(dy))\n  for _ in range(steps):\n      if dx > 0:\n          actions.append(env.action_specs['RIGHT'])\n          dx -= 1\n      elif dx < 0:\n          actions.append(env.action_specs['LEFT'])\n          dx += 1\n      elif dy > 0:\n          actions.append(env.action_specs['DOWN'])\n          dy -= 1\n      elif dy < 0:\n          actions.append(env.action_specs['UP'])\n          dy += 1\n  \n  # Face the workshop (assuming the agent is now at the workshop position)\n  # This part would need to be adjusted based on the actual direction logic\n  # For simplicity, assuming the agent faces the workshop directly\n  actions.append(env.action_specs['USE'])  # Perform the crafting action\n  \n  return actions", "island_id": 0, "scores": {"3": -1}}
{"timestamp": "2025-09-12T15:32:55.523549", "function_name": "craft", "function_body": "  return []", "island_id": 7, "scores": {"3": 0.0}}
{"timestamp": "2025-09-12T15:32:57.605471", "function_name": "craft", "function_body": "  return []  ", "island_id": 7, "scores": {"3": 0.0}}
{"timestamp": "2025-09-12T15:33:00.501693", "function_name": "craft", "function_body": "  return []", "island_id": 2, "scores": {"3": 0.0}}
{"timestamp": "2025-09-12T15:33:02.508706", "function_name": "craft", "function_body": "  return []", "island_id": 2, "scores": {"3": 0.0}}
{"timestamp": "2025-09-12T15:33:41.796394", "function_name": "craft", "function_body": "  return []", "island_id": 0, "scores": {"3": 0.0}}
{"timestamp": "2025-09-12T15:33:43.835355", "function_name": "craft", "function_body": "  # Step 1: Determine the index of the item in the environment\n  index = env.scenario.world.cookbook.index\n  item_idx = index.index(item)\n  if item_idx == -1:\n      return []  # Item not found in the environment\n\n  # Step 2: Check if the item is a primitive. If yes, collect it.\n  if item_idx in env.scenario.world.cookbook.primitives:\n      return collect(env, item)\n\n  # Step 3: Get the recipe for the item\n  recipe = env.scenario.world.cookbook.recipes.get(item_idx, {})\n  if not recipe:\n      return []  # No recipe available\n\n  # Step 4: Check if all required ingredients are available in inventory\n  inventory = env._current_state.inventory\n  for ingredient, count in recipe.items():\n      if inventory[ingredient] < count:\n          # Need to collect or craft the missing ingredient\n          if ingredient in env.scenario.world.cookbook.primitives:\n              collect_actions = collect(env, index.get(ingredient))\n              if not collect_actions:\n                  return []  # Can't collect missing ingredient\n              return collect_actions + [USE]  # After collecting, perform use action to craft\n          else:\n              # Need to craft the missing ingredient\n              craft_actions = craft_v2(env, index.get(ingredient))\n              if not craft_actions:\n                  return []  # Can't craft missing ingredient\n              return craft_actions + [USE]  # After crafting, perform use action to craft\n\n  # Step 5: Find the workshop where the item can be crafted\n  workshop_idx = recipe.get(\"_key\", None)\n  if workshop_idx is None:\n      return []  # No workshop specified for crafting\n\n  # Step 6: Move to the workshop\n  workshop_name = index.get(workshop_idx)\n  move_actions = move_to(env, workshop_name)\n  if not move_actions:\n      return []  # Can't reach the workshop\n\n  # Step 7: Perform the use action to craft the item\n  return move_actions + [USE]", "island_id": 0, "scores": {"3": -1}}
{"timestamp": "2025-09-12T15:33:47.937754", "function_name": "craft", "function_body": "  return []", "island_id": 3, "scores": {"3": 0.0}}
{"timestamp": "2025-09-12T15:33:50.397325", "function_name": "craft", "function_body": "  return []", "island_id": 3, "scores": {"3": 0.0}}
{"timestamp": "2025-09-12T15:33:53.279948", "function_name": "craft", "function_body": "  return []", "island_id": 2, "scores": {"3": 0.0}}
{"timestamp": "2025-09-12T15:33:55.391523", "function_name": "craft", "function_body": "  return []", "island_id": 2, "scores": {"3": 0.0}}
{"timestamp": "2025-09-12T15:33:58.613541", "function_name": "craft", "function_body": "  return []", "island_id": 7, "scores": {"3": 0.0}}
{"timestamp": "2025-09-12T15:34:00.652738", "function_name": "craft", "function_body": "  return []", "island_id": 7, "scores": {"3": 0.0}}
{"timestamp": "2025-09-12T15:34:03.805126", "function_name": "craft", "function_body": "  return []", "island_id": 0, "scores": {"3": 0.0}}
{"timestamp": "2025-09-12T15:34:05.808096", "function_name": "craft", "function_body": "  return []", "island_id": 0, "scores": {"3": 0.0}}
{"timestamp": "2025-09-12T15:34:08.721956", "function_name": "craft", "function_body": "  return []", "island_id": 2, "scores": {"3": 0.0}}
{"timestamp": "2025-09-12T15:34:10.717940", "function_name": "craft", "function_body": "  return []", "island_id": 2, "scores": {"3": 0.0}}
{"timestamp": "2025-09-12T15:34:13.532812", "function_name": "craft", "function_body": "  return []", "island_id": 4, "scores": {"3": 0.0}}
{"timestamp": "2025-09-12T15:34:15.588581", "function_name": "craft", "function_body": "  return []", "island_id": 4, "scores": {"3": 0.0}}
{"timestamp": "2025-09-12T15:34:18.535975", "function_name": "craft", "function_body": "  return []", "island_id": 8, "scores": {"3": 0.0}}
{"timestamp": "2025-09-12T15:34:20.633602", "function_name": "craft", "function_body": "  return []", "island_id": 8, "scores": {"3": 0.0}}
{"timestamp": "2025-09-12T15:34:23.546106", "function_name": "craft", "function_body": "  return []", "island_id": 3, "scores": {"3": 0.0}}
{"timestamp": "2025-09-12T15:34:25.515463", "function_name": "craft", "function_body": "  return []", "island_id": 3, "scores": {"3": 0.0}}
{"timestamp": "2025-09-12T15:34:28.588884", "function_name": "craft", "function_body": "  return []", "island_id": 6, "scores": {"3": 0.0}}
{"timestamp": "2025-09-12T15:34:30.748920", "function_name": "craft", "function_body": "  return []  ", "island_id": 6, "scores": {"3": 0.0}}
{"timestamp": "2025-09-12T15:34:33.832559", "function_name": "craft", "function_body": "  return []  ", "island_id": 7, "scores": {"3": 0.0}}
{"timestamp": "2025-09-12T15:34:35.857362", "function_name": "craft", "function_body": "  return []  ", "island_id": 7, "scores": {"3": 0.0}}
{"timestamp": "2025-09-12T15:34:44.457292", "function_name": "craft", "function_body": "  return []", "island_id": 0, "scores": {"3": 0.0}}
{"timestamp": "2025-09-12T15:34:46.390931", "function_name": "craft", "function_body": "", "island_id": 0, "scores": {"3": -1}}
{"timestamp": "2025-09-12T15:34:49.261435", "function_name": "craft", "function_body": "  return []", "island_id": 3, "scores": {"3": 0.0}}
{"timestamp": "2025-09-12T15:34:51.301678", "function_name": "craft", "function_body": "  return []", "island_id": 3, "scores": {"3": 0.0}}
{"timestamp": "2025-09-12T15:34:54.402488", "function_name": "craft", "function_body": "  return []", "island_id": 6, "scores": {"3": 0.0}}
{"timestamp": "2025-09-12T15:34:56.401495", "function_name": "craft", "function_body": "  return []  ", "island_id": 6, "scores": {"3": 0.0}}
{"timestamp": "2025-09-12T15:34:59.587698", "function_name": "craft", "function_body": "  return []", "island_id": 3, "scores": {"3": 0.0}}
{"timestamp": "2025-09-12T15:35:01.924540", "function_name": "craft", "function_body": "  return []", "island_id": 3, "scores": {"3": 0.0}}
{"timestamp": "2025-09-12T15:35:05.145327", "function_name": "craft", "function_body": "  return []", "island_id": 7, "scores": {"3": 0.0}}
{"timestamp": "2025-09-12T15:35:07.394703", "function_name": "craft", "function_body": "  return []  ", "island_id": 7, "scores": {"3": 0.0}}
{"timestamp": "2025-09-12T15:35:10.548343", "function_name": "craft", "function_body": "  return []", "island_id": 7, "scores": {"3": 0.0}}
{"timestamp": "2025-09-12T15:35:13.120923", "function_name": "craft", "function_body": "  return []", "island_id": 7, "scores": {"3": 0.0}}
{"timestamp": "2025-09-12T15:35:16.039343", "function_name": "craft", "function_body": "  return []", "island_id": 3, "scores": {"3": 0.0}}
